-- phpMyAdmin SQL Dump
-- version 4.2.11
-- http://www.phpmyadmin.net
--
-- Servidor: 127.0.0.1
-- Tiempo de generación: 29-01-2019 a las 15:09:15
-- Versión del servidor: 5.6.21
-- Versión de PHP: 5.6.3

SET SQL_MODE = "NO_AUTO_VALUE_ON_ZERO";
SET time_zone = "+00:00";


/*!40101 SET @OLD_CHARACTER_SET_CLIENT=@@CHARACTER_SET_CLIENT */;
/*!40101 SET @OLD_CHARACTER_SET_RESULTS=@@CHARACTER_SET_RESULTS */;
/*!40101 SET @OLD_COLLATION_CONNECTION=@@COLLATION_CONNECTION */;
/*!40101 SET NAMES utf8 */;

--

-- Base de datos: `sistema_dicarp`
--

-- --------------------------------------------------------

--
-- Estructura de tabla para la tabla `acceso`
--

CREATE TABLE IF NOT EXISTS `acceso` (
`id` bigint(20) NOT NULL,
  `menu_id` bigint(20) DEFAULT NULL,
  `usuario_id` bigint(20) DEFAULT NULL
) ENGINE=InnoDB AUTO_INCREMENT=516 DEFAULT CHARSET=latin1;

--
-- Volcado de datos para la tabla `acceso`
--

INSERT INTO `acceso` (`id`, `menu_id`, `usuario_id`) VALUES
(1, 1, 1),
(2, 2, 1),
(3, 3, 1),
(4, 4, 1),
(5, 5, 1),
(6, 6, 1),
(7, 7, 1),
(8, 8, 1),
(9, 9, 1),
(10, 10, 1),
(11, 11, 1),
(12, 12, 1),
(13, 13, 1),
(14, 14, 1),
(15, 15, 1),
(16, 16, 1),
(17, 17, 1),
(18, 18, 1),
(19, 19, 1),
(20, 20, 1),
(21, 21, 1),
(22, 22, 1),
(23, 23, 1),
(24, 24, 1),
(25, 25, 1),
(26, 26, 1),
(57, 1, 3),
(58, 7, 3),
(59, 2, 3),
(60, 8, 3),
(61, 9, 3),
(62, 18, 3),
(63, 30, 3),
(75, 2, 4),
(76, 8, 4),
(77, 9, 4),
(78, 18, 4),
(79, 30, 4),
(80, 1, 5),
(81, 7, 5),
(82, 2, 5),
(83, 8, 5),
(84, 9, 5),
(85, 18, 5),
(86, 30, 5),
(87, 1, 6),
(88, 7, 6),
(89, 2, 6),
(90, 8, 6),
(91, 9, 6),
(92, 18, 6),
(93, 30, 6),
(94, 1, 7),
(95, 7, 7),
(96, 2, 7),
(97, 8, 7),
(98, 9, 7),
(99, 18, 7),
(100, 30, 7),
(101, 4, 7),
(102, 11, 7),
(103, 1, 8),
(104, 7, 8),
(105, 2, 8),
(106, 8, 8),
(107, 9, 8),
(108, 18, 8),
(109, 30, 8),
(110, 1, 9),
(111, 7, 9),
(112, 2, 9),
(113, 8, 9),
(114, 9, 9),
(115, 18, 9),
(116, 30, 9),
(117, 1, 10),
(118, 7, 10),
(119, 2, 10),
(120, 8, 10),
(121, 9, 10),
(122, 18, 10),
(123, 6, 11),
(124, 17, 11),
(125, 28, 11),
(126, 31, 11),
(127, 32, 11),
(128, 1, 12),
(129, 7, 12),
(130, 2, 12),
(131, 8, 12),
(132, 9, 12),
(133, 18, 12),
(134, 30, 12),
(135, 1, 13),
(136, 7, 13),
(137, 2, 13),
(138, 8, 13),
(139, 9, 13),
(140, 18, 13),
(141, 30, 13),
(142, 1, 14),
(143, 7, 14),
(144, 2, 14),
(145, 8, 14),
(146, 9, 14),
(147, 18, 14),
(148, 30, 14),
(149, 1, 15),
(150, 7, 15),
(151, 2, 15),
(152, 8, 15),
(153, 9, 15),
(154, 18, 15),
(155, 30, 15),
(156, 1, 16),
(157, 7, 16),
(158, 2, 16),
(159, 8, 16),
(160, 9, 16),
(161, 18, 16),
(162, 30, 16),
(163, 1, 17),
(164, 7, 17),
(165, 2, 17),
(166, 8, 17),
(167, 9, 17),
(168, 18, 17),
(169, 30, 17),
(170, 2, 18),
(171, 8, 18),
(172, 9, 18),
(173, 18, 18),
(174, 30, 18),
(175, 1, 19),
(176, 7, 19),
(177, 2, 19),
(178, 8, 19),
(179, 9, 19),
(180, 18, 19),
(181, 30, 19),
(182, 1, 20),
(183, 7, 20),
(184, 2, 20),
(185, 8, 20),
(186, 9, 20),
(187, 30, 20),
(188, 1, 21),
(189, 7, 21),
(190, 2, 21),
(191, 8, 21),
(192, 9, 21),
(193, 18, 21),
(194, 30, 21),
(195, 1, 22),
(196, 7, 22),
(197, 2, 22),
(198, 8, 22),
(199, 9, 22),
(200, 18, 22),
(201, 30, 22),
(202, 1, 23),
(203, 7, 23),
(204, 2, 23),
(205, 8, 23),
(206, 9, 23),
(207, 18, 23),
(208, 30, 23),
(209, 1, 24),
(210, 7, 24),
(211, 2, 24),
(212, 8, 24),
(213, 9, 24),
(214, 18, 24),
(215, 30, 24),
(216, 2, 25),
(217, 8, 25),
(218, 9, 25),
(219, 18, 25),
(220, 30, 25),
(221, 1, 26),
(222, 7, 26),
(223, 2, 26),
(224, 8, 26),
(225, 9, 26),
(226, 18, 26),
(227, 30, 26),
(228, 1, 27),
(229, 7, 27),
(230, 2, 27),
(231, 8, 27),
(232, 9, 27),
(233, 18, 27),
(234, 30, 27),
(235, 1, 28),
(236, 7, 28),
(237, 2, 28),
(238, 8, 28),
(239, 9, 28),
(240, 18, 28),
(241, 30, 28),
(242, 1, 29),
(243, 7, 29),
(244, 2, 29),
(245, 8, 29),
(246, 9, 29),
(247, 18, 29),
(248, 30, 29),
(249, 1, 30),
(250, 7, 30),
(251, 2, 30),
(252, 8, 30),
(253, 9, 30),
(254, 18, 30),
(255, 30, 30),
(256, 1, 31),
(257, 7, 31),
(258, 2, 31),
(259, 8, 31),
(260, 9, 31),
(261, 18, 31),
(262, 30, 31),
(263, 1, 32),
(264, 7, 32),
(265, 2, 32),
(266, 8, 32),
(267, 9, 32),
(268, 18, 32),
(269, 30, 32),
(270, 4, 32),
(271, 11, 32),
(272, 12, 32),
(273, 29, 32),
(274, 1, 33),
(275, 7, 33),
(276, 2, 33),
(277, 8, 33),
(278, 9, 33),
(279, 18, 33),
(280, 30, 33),
(281, 1, 34),
(282, 7, 34),
(283, 2, 34),
(284, 8, 34),
(285, 9, 34),
(286, 18, 34),
(287, 30, 34),
(288, 1, 35),
(289, 7, 35),
(290, 2, 35),
(291, 8, 35),
(292, 9, 35),
(293, 18, 35),
(294, 30, 35),
(295, 1, 36),
(296, 7, 36),
(297, 2, 36),
(298, 8, 36),
(299, 9, 36),
(300, 18, 36),
(301, 30, 36),
(302, 1, 37),
(303, 7, 37),
(304, 2, 37),
(305, 8, 37),
(306, 9, 37),
(307, 18, 37),
(308, 30, 37),
(309, 1, 38),
(310, 7, 38),
(311, 2, 38),
(312, 8, 38),
(313, 9, 38),
(314, 18, 38),
(315, 30, 38),
(316, 1, 39),
(317, 7, 39),
(318, 2, 39),
(319, 8, 39),
(320, 9, 39),
(321, 18, 39),
(322, 30, 39),
(323, 1, 40),
(324, 7, 40),
(325, 2, 40),
(326, 8, 40),
(327, 9, 40),
(328, 18, 40),
(329, 30, 40),
(330, 1, 41),
(331, 7, 41),
(332, 2, 41),
(333, 8, 41),
(334, 9, 41),
(335, 18, 41),
(336, 30, 41),
(337, 2, 42),
(338, 8, 42),
(339, 9, 42),
(340, 18, 42),
(341, 30, 42),
(342, 1, 43),
(343, 7, 43),
(344, 2, 43),
(345, 8, 43),
(346, 9, 43),
(347, 18, 43),
(348, 30, 43),
(349, 1, 44),
(350, 7, 44),
(351, 2, 44),
(352, 8, 44),
(353, 9, 44),
(354, 18, 44),
(355, 30, 44),
(356, 1, 45),
(357, 7, 45),
(358, 2, 45),
(359, 8, 45),
(360, 9, 45),
(361, 18, 45),
(362, 30, 45),
(363, 2, 46),
(364, 8, 46),
(365, 9, 46),
(366, 2, 47),
(367, 8, 47),
(368, 9, 47),
(369, 2, 48),
(370, 8, 48),
(371, 9, 48),
(372, 18, 48),
(373, 30, 48),
(374, 1, 50),
(375, 7, 50),
(376, 2, 50),
(377, 8, 50),
(378, 9, 50),
(379, 18, 50),
(380, 30, 50),
(381, 2, 51),
(382, 8, 51),
(383, 9, 51),
(384, 18, 51),
(385, 30, 51),
(386, 2, 52),
(387, 8, 52),
(388, 9, 52),
(389, 30, 52),
(390, 1, 54),
(391, 7, 54),
(392, 2, 54),
(393, 8, 54),
(394, 9, 54),
(395, 30, 54),
(396, 6, 54),
(397, 32, 54),
(398, 1, 55),
(399, 7, 55),
(400, 2, 55),
(401, 8, 55),
(402, 9, 55),
(403, 30, 55),
(404, 6, 55),
(405, 32, 55),
(406, 35, 55),
(407, 18, 55),
(408, 34, 55),
(409, 1, 56),
(410, 7, 56),
(411, 2, 56),
(412, 8, 56),
(488, 1, 2),
(489, 7, 2),
(490, 2, 2),
(491, 8, 2),
(492, 9, 2),
(493, 30, 2),
(494, 4, 2),
(495, 11, 2),
(496, 12, 2),
(497, 29, 2),
(498, 6, 2),
(499, 28, 2),
(500, 31, 2),
(501, 37, 2),
(502, 43, 2),
(503, 19, 2),
(504, 21, 2),
(505, 23, 2),
(506, 32, 2),
(507, 24, 2),
(508, 25, 2),
(509, 26, 2),
(510, 35, 2),
(511, 18, 2),
(512, 34, 2),
(513, 38, 2),
(514, 39, 2),
(515, 40, 2);

-- --------------------------------------------------------

--
-- Estructura de tabla para la tabla `almacen`
--

CREATE TABLE IF NOT EXISTS `almacen` (
`id` bigint(20) NOT NULL,
  `descripcion` text,
  `estado` smallint(6) DEFAULT NULL,
  `tipo_almacen` smallint(6) DEFAULT NULL
) ENGINE=InnoDB AUTO_INCREMENT=3 DEFAULT CHARSET=latin1;

--
-- Volcado de datos para la tabla `almacen`
--

INSERT INTO `almacen` (`id`, `descripcion`, `estado`, `tipo_almacen`) VALUES
(2, 'Almacen fabrica', 1, 0);

-- --------------------------------------------------------

--
-- Estructura de tabla para la tabla `caja`
--

CREATE TABLE IF NOT EXISTS `caja` (
`id` bigint(20) NOT NULL,
  `descripcion` text,
  `sucursal_id` bigint(20) NOT NULL,
  `estado` smallint(6) DEFAULT NULL
) ENGINE=InnoDB AUTO_INCREMENT=2 DEFAULT CHARSET=latin1;

--
-- Volcado de datos para la tabla `caja`
--

INSERT INTO `caja` (`id`, `descripcion`, `sucursal_id`, `estado`) VALUES
(1, 'VENTA TIENDA', 1, NULL);

-- --------------------------------------------------------

--
-- Estructura de tabla para la tabla `cargo`
--

CREATE TABLE IF NOT EXISTS `cargo` (
`id` bigint(20) NOT NULL,
  `descripcion` text
) ENGINE=InnoDB AUTO_INCREMENT=3 DEFAULT CHARSET=latin1;

--
-- Volcado de datos para la tabla `cargo`
--

INSERT INTO `cargo` (`id`, `descripcion`) VALUES
(1, 'ADMINISTRADOR'),
(2, 'VENDEDOR');

-- --------------------------------------------------------

--
-- Estructura de tabla para la tabla `categoria_interna`
--

CREATE TABLE IF NOT EXISTS `categoria_interna` (
`id` bigint(20) NOT NULL,
  `descripcion` text
) ENGINE=InnoDB AUTO_INCREMENT=20 DEFAULT CHARSET=latin1;

--
-- Volcado de datos para la tabla `categoria_interna`
--

INSERT INTO `categoria_interna` (`id`, `descripcion`) VALUES
(11, 'ALMOHADA'),
(12, 'RESPALDO SENCILLO'),
(13, 'RESPALDO CON COSTURA'),
(14, 'RESPALDO CAPITONNE 70CM'),
(15, 'RESPALDO CAPITONNE 90CM'),
(16, 'RESPALDO CAPITONNE CON BASE 90CM'),
(17, 'RESPALDO ALTO 1,20MTR'),
(18, 'COLCHON'),
(19, 'SOMMIER');

-- --------------------------------------------------------

--
-- Estructura de tabla para la tabla `cierre_sesion`
--

CREATE TABLE IF NOT EXISTS `cierre_sesion` (
`id` bigint(20) NOT NULL,
  `fecha` datetime DEFAULT NULL,
  `sesion_id` bigint(20) DEFAULT NULL
) ENGINE=InnoDB AUTO_INCREMENT=89 DEFAULT CHARSET=latin1;

--
-- Volcado de datos para la tabla `cierre_sesion`
--

INSERT INTO `cierre_sesion` (`id`, `fecha`, `sesion_id`) VALUES
(1, '2018-12-04 18:26:59', 11),
(2, '2018-12-04 19:27:20', 1),
(3, '2018-12-04 19:29:04', 2),
(4, '2018-12-07 19:45:09', 3),
(5, '2018-12-08 16:36:36', 4),
(6, '2018-12-10 18:23:06', 5),
(7, '2018-12-10 18:27:43', 6),
(8, '2018-12-17 16:58:36', 7),
(9, '2018-12-17 17:11:38', 8),
(10, '2018-12-20 16:59:29', 9),
(11, '2018-12-20 17:04:50', 10),
(12, '2018-12-21 12:05:28', 11),
(13, '2018-12-24 09:49:45', 12),
(14, '2018-12-25 17:04:56', 14),
(15, '2018-12-27 17:22:07', 13),
(16, '2018-12-27 17:55:02', 15),
(17, '2018-12-27 18:39:18', 16),
(18, '2018-12-27 18:50:32', 17),
(19, '2018-12-28 17:18:36', 18),
(20, '2018-12-28 17:20:55', 19),
(21, '2018-12-28 17:22:17', 20),
(22, '2019-01-02 17:10:36', 21),
(23, '2019-01-02 17:27:04', 22),
(24, '2019-01-03 15:03:44', 24),
(25, '2019-01-03 18:20:20', 23),
(26, '2019-01-03 19:29:20', 25),
(27, '2019-01-03 20:50:32', 26),
(28, '2019-01-04 17:17:15', 27),
(29, '2019-01-04 17:42:40', 28),
(30, '2019-01-04 17:46:23', 29),
(31, '2019-01-04 17:50:46', 30),
(32, '2019-01-04 19:10:58', 31),
(33, '2019-01-05 16:44:47', 32),
(34, '2019-01-07 16:11:49', 33),
(35, '2019-01-07 16:31:07', 34),
(36, '2019-01-07 16:31:18', 35),
(37, '2019-01-09 15:34:13', 37),
(38, '2019-01-09 19:17:18', 38),
(39, '2019-01-09 19:58:43', 36),
(40, '2019-01-10 09:54:16', 39),
(41, '2019-01-10 11:53:39', 40),
(42, '2019-01-10 12:42:34', 41),
(43, '2019-01-10 12:56:00', 42),
(44, '2019-01-10 16:47:40', 43),
(45, '2019-01-10 19:40:00', 44),
(46, '2019-01-10 19:46:06', 45),
(47, '2019-01-12 10:27:54', 46),
(48, '2019-01-12 10:48:42', 47),
(49, '2019-01-14 17:31:55', 49),
(50, '2019-01-14 17:39:26', 48),
(51, '2019-01-14 17:53:26', 50),
(52, '2019-01-14 18:48:53', 51),
(53, '2019-01-14 18:54:42', 52),
(54, '2019-01-14 19:23:29', 53),
(55, '2019-01-14 20:14:23', 54),
(56, '2019-01-15 15:41:01', 55),
(57, '2019-01-15 16:01:42', 56),
(58, '2019-01-15 18:30:53', 57),
(59, '2019-01-15 18:35:11', 58),
(60, '2019-01-15 18:45:25', 59),
(61, '2019-01-15 18:59:58', 60),
(62, '2019-01-15 19:20:32', 61),
(63, '2019-01-15 20:10:07', 62),
(64, '2019-01-16 11:20:21', 63),
(65, '2019-01-16 19:02:27', 65),
(66, '2019-01-16 19:40:00', 66),
(67, '2019-01-17 15:56:15', 64),
(68, '2019-01-17 18:15:29', 67),
(69, '2019-01-17 18:37:54', 68),
(70, '2019-01-17 19:15:58', 69),
(71, '2019-01-18 15:30:27', 71),
(72, '2019-01-18 16:50:11', 70),
(73, '2019-01-18 18:49:44', 72),
(74, '2019-01-19 13:42:41', 73),
(75, '2019-01-19 14:18:52', 74),
(76, '2019-01-19 15:58:24', 75),
(77, '2019-01-19 16:28:31', 76),
(78, '2019-01-19 16:35:13', 77),
(79, '2019-01-21 15:42:17', 79),
(80, '2019-01-21 20:56:37', 80),
(81, '2019-01-21 21:06:45', 81),
(82, '2019-01-21 21:32:52', 82),
(83, '2019-01-23 15:40:06', 78),
(84, '2019-01-23 18:52:20', 83),
(85, '2019-01-24 19:10:36', 85),
(86, '2019-01-28 17:16:46', 86),
(87, '2019-01-28 17:37:30', 82),
(88, '2019-01-28 17:56:56', 87);

-- --------------------------------------------------------

--
-- Estructura de tabla para la tabla `cliente`
--

CREATE TABLE IF NOT EXISTS `cliente` (
`id` bigint(20) NOT NULL,
  `ci_nit` text,
  `nombre_cliente` text,
  `telefono` text,
  `fecha_nacimiento` datetime DEFAULT NULL,
  `fecha_registro` datetime DEFAULT NULL,
  `fecha_modificacion` datetime DEFAULT NULL,
  `trabajo` text,
  `estado` smallint(6) DEFAULT NULL,
  `correo` text,
  `direccion` text,
  `nombre_contacto` text,
  `numero_contacto` text,
  `usuario_id` bigint(20) DEFAULT NULL
) ENGINE=InnoDB AUTO_INCREMENT=98 DEFAULT CHARSET=latin1;

--
-- Volcado de datos para la tabla `cliente`
--

INSERT INTO `cliente` (`id`, `ci_nit`, `nombre_cliente`, `telefono`, `fecha_nacimiento`, `fecha_registro`, `fecha_modificacion`, `trabajo`, `estado`, `correo`, `direccion`, `nombre_contacto`, `numero_contacto`, `usuario_id`) VALUES
(1, '', 'KATHERINE ELSY  ROCABADO DANTAS', '77669876', NULL, '2018-12-07 19:06:40', '2018-12-07 19:06:40', '', 1, NULL, '', '', '', 1),
(2, '', 'JOSE GABRIEL SALINAS AGUILERA', '', NULL, '2018-12-08 13:55:29', '2018-12-08 13:55:29', '', 1, NULL, '', '', '', 1),
(3, '3277145', 'MARTHA EDITH SOSA MORON', '', NULL, '2018-12-10 11:58:31', '2018-12-10 11:58:31', '', 1, NULL, '', '', '', 1),
(4, '', 'ALAN GARCIA', '', NULL, '2018-12-12 09:15:24', '2018-12-12 09:15:24', '', 1, NULL, '', '', '', 1),
(5, '', 'ROMAN SCHOLZ', '', NULL, '2018-12-13 16:50:22', '2018-12-13 16:50:22', '', 1, NULL, '', '', '', 1),
(6, '', 'CARLOS VARGAS', '', NULL, '2018-12-17 09:08:31', '2018-12-17 09:08:31', '', 1, NULL, '', '', '', 1),
(7, '5030702', 'CATHY DENNIS TEJEDA VARGAS', '', NULL, '2018-12-18 10:35:26', '2018-12-18 10:35:26', '', 1, NULL, '', '', '', 1),
(8, '', 'CITY TV', '', NULL, '2018-12-18 15:39:52', '2018-12-18 15:39:52', '', 1, NULL, '', '', '', 1),
(9, '', 'SHIRLENY ARREDONDO EGUEZ', '', NULL, '2018-12-18 17:05:22', '2018-12-18 17:05:22', '', 1, NULL, '', '', '', 1),
(10, '', 'LINDA LOPEZ', '', NULL, '2018-12-19 16:01:40', '2018-12-19 16:01:40', '', 1, NULL, '', '', '', 1),
(11, '', 'RICHARD MARTINEZ', '', NULL, '2018-12-20 15:41:29', '2018-12-20 15:41:29', '', 1, NULL, '', '', '', 1),
(12, '', 'ERVIN LOPEZ', '33606283', NULL, '2018-12-21 10:21:08', '2018-12-21 10:21:08', '', 1, NULL, '', '', '', 1),
(13, '', 'ROSA MARIA FERNANDEZ', '', NULL, '2018-12-22 11:57:49', '2018-12-22 11:57:49', '', 1, NULL, '', '', '', 1),
(14, '5028022', 'MATILDE SERRUDO', '', NULL, '2018-12-22 15:04:49', '2018-12-22 15:04:49', '', 1, NULL, '', '', '', 1),
(15, '', 'JESUS SEGUNDO TAPECUA', '', NULL, '2018-12-22 15:18:06', '2018-12-22 15:18:06', '', 1, NULL, '', '', '', 1),
(16, '', 'SANDRA AGUILERA GARCIA', '', NULL, '2018-12-24 10:22:38', '2018-12-24 10:22:38', '', 1, NULL, '', '', '', 1),
(17, '', 'NADIA SALINAS', '', NULL, '2018-12-24 11:03:24', '2018-12-24 11:03:24', '', 1, NULL, '', '', '', 1),
(18, '', 'YACKE ACTIVA TV', '', NULL, '2018-12-24 11:58:16', '2018-12-24 11:58:16', '', 1, NULL, '', '', '', 1),
(19, '', 'JOAQUIN PEÑA', '', NULL, '2018-12-25 16:59:09', '2018-12-25 16:59:09', '', 1, NULL, '', '', '', 1),
(20, '', 'AMERICA PEREZ GURTIERREZ', '', NULL, '2018-12-27 12:02:06', '2018-12-27 12:02:06', '', 1, NULL, '', '', '', 1),
(21, '', 'NICOLE MICHEL BARRIOS ROMAN', '', NULL, '2018-12-27 12:04:36', '2018-12-27 12:04:36', '', 1, NULL, '', '', '', 1),
(22, '', 'MARLENE SORUCO', '', NULL, '2018-12-28 11:17:54', '2018-12-28 11:17:54', '', 1, NULL, '', '', '', 1),
(23, '', 'RUBEN DARIO LOPEZ', '', NULL, '2018-12-28 15:18:17', '2018-12-28 15:18:17', '', 1, NULL, '', '', '', 1),
(24, '', 'MARLEN LOPEZ', '', NULL, '2018-12-29 09:51:38', '2018-12-29 09:51:38', '', 1, NULL, '', '', '', 1),
(25, '', 'ROBERTO COSSIO', '', NULL, '2018-12-29 11:06:25', '2018-12-29 11:06:25', '', 1, NULL, '', '', '', 1),
(26, '3440124', 'RODRIGO ALEJANDRO BUSTILLOS AGRAMONT', '', NULL, '2018-12-29 11:17:28', '2018-12-29 11:17:28', '', 1, NULL, '', '', '', 1),
(27, '3278643', 'EDITHER FERNANDO ROCA', '', NULL, '2018-12-29 12:54:16', '2018-12-29 12:54:16', '', 1, NULL, '', '', '', 1),
(28, '', 'VIRGINIA CRUZ', '', NULL, '2018-12-29 15:39:22', '2018-12-29 15:39:22', '', 1, NULL, '', '', '', 1),
(29, '', 'CARLOS EMA', '', NULL, '2019-01-02 09:12:33', '2019-01-02 09:12:33', '', 1, NULL, '', '', '', 1),
(30, '', 'DANIELA ROJAS', '', NULL, '2019-01-03 09:08:49', '2019-01-03 09:08:49', '', 1, NULL, '', '', '', 1),
(31, '', 'MIGUEL ANGEL', '', NULL, '2019-01-03 09:54:27', '2019-01-03 09:54:27', '', 1, NULL, '', '', '', 1),
(32, '', 'TANIA RAMIREZ', '', NULL, '2019-01-03 15:35:36', '2019-01-03 15:35:36', '', 1, NULL, '', '', '', 1),
(33, '', 'JORGE ROCABADO', '', NULL, '2019-01-03 18:49:42', '2019-01-03 18:49:42', '', 1, NULL, '', '', '', 1),
(34, '', 'JAVIER SEJAS', '', NULL, '2019-01-04 15:27:10', '2019-01-04 15:27:10', '', 1, NULL, '', '', '', 1),
(35, '', 'LISY RAMIREZ', '', NULL, '2019-01-04 17:18:07', '2019-01-04 17:18:07', '', 1, NULL, '', '', '', 1),
(36, '', 'NELSON SANABRIA', '69032823', NULL, '2019-01-05 09:58:42', '2019-01-05 09:58:42', '', 1, NULL, '', '', '', 1),
(37, '', 'FERNANDO VALDA', '', NULL, '2019-01-05 12:12:40', '2019-01-05 12:12:40', '', 1, NULL, '', '', '', 1),
(38, '8143290', 'JOSE MANUEL LLANES', '', NULL, '2019-01-05 16:25:59', '2019-01-05 16:25:59', '', 1, NULL, '', '', '', 1),
(39, '', 'HERLAND JUSTINIANO PARADA', '', NULL, '2019-01-07 16:47:23', '2019-01-07 16:47:23', '', 1, NULL, '', '', '', 1),
(40, '', 'IRIS PEREYRA CABRERA', '', NULL, '2019-01-07 16:58:22', '2019-01-07 16:58:22', '', 1, NULL, '', '', '', 1),
(41, '', 'ROXANA MOSCOSO', '', NULL, '2019-01-09 15:29:21', '2019-01-09 15:29:21', '', 1, NULL, '', '', '', 1),
(42, '', 'LUCY CUSICANQUI', '', NULL, '2019-01-09 15:53:36', '2019-01-09 15:53:36', '', 1, NULL, '', '', '', 1),
(43, '', 'MARIBEL GARCIA', '71345846', NULL, '2019-01-09 16:23:06', '2019-01-09 16:23:06', '', 1, NULL, '', '', '', 1),
(44, '', 'JOSE CONDE CHAVEZ', '70088467', NULL, '2019-01-09 16:37:28', '2019-01-09 16:37:28', '', 1, NULL, '', '', '', 1),
(45, '', 'ROBERTO VILLAGOMEZ', '71345231', NULL, '2019-01-09 18:02:33', '2019-01-09 18:02:33', '', 1, NULL, '', '', '', 1),
(46, '', 'GUMER ROJAS', '', NULL, '2019-01-09 18:28:13', '2019-01-09 18:28:13', '', 1, NULL, '', '', '', 1),
(47, '', 'ERWIN LIJERON', '70842548', NULL, '2019-01-09 18:55:40', '2019-01-09 18:55:40', '', 1, NULL, '', '', '', 1),
(48, '', 'ALVARO DELGADILLO', '78043668', NULL, '2019-01-10 12:50:48', '2019-01-10 12:50:48', '', 1, NULL, '', '', '', 1),
(49, '', 'PABLO PALMIOLLI', '', NULL, '2019-01-10 15:51:18', '2019-01-10 15:51:18', '', 1, NULL, '', '', '', 1),
(50, '', 'MARIA INEZ ALARCON', '78511032', NULL, '2019-01-10 18:47:55', '2019-01-10 18:47:55', '', 1, NULL, '', '', '', 1),
(51, '', 'EZEQUIEL BAZAN', '', NULL, '2019-01-10 19:32:44', '2019-01-10 19:32:44', '', 1, NULL, '', '', '', 1),
(52, '', 'ALEJANDRO SEJAS', '', NULL, '2019-01-10 19:36:19', '2019-01-10 19:36:19', '', 1, NULL, '', '', '', 1),
(53, '', 'EFRAIN TURPO', '', NULL, '2019-01-11 15:10:23', '2019-01-11 15:10:23', '', 1, NULL, '', '', '', 1),
(54, '', 'RODRIGO MENDIETA', '', NULL, '2019-01-11 18:26:44', '2019-01-11 18:26:44', '', 1, NULL, '', '', '', 1),
(55, '', 'JUAN PINTO FIGUEROA', '67785033', NULL, '2019-01-12 13:24:51', '2019-01-12 13:24:51', '', 1, NULL, '', '', '', 1),
(56, '', 'JORGE FLORES', '', NULL, '2019-01-12 14:26:30', '2019-01-12 14:26:30', '', 1, NULL, '', '', '', 1),
(57, '', 'MARCO GUZMAN', '74640959', NULL, '2019-01-12 16:05:02', '2019-01-12 16:05:02', '', 1, NULL, '', '', '', 1),
(58, '', 'HILTON ROJAS', '', NULL, '2019-01-12 16:11:15', '2019-01-12 16:11:15', '', 1, NULL, '', '', '', 1),
(59, '', 'ZULMA SALDIAS', '', NULL, '2019-01-14 19:54:04', '2019-01-14 19:54:04', '', 1, NULL, '', '', '', 1),
(60, '', 'MARCELA CHOQUE NAVARRO', '75307216', NULL, '2019-01-15 15:16:30', '2019-01-15 15:16:30', '', 1, NULL, '', '', '', 1),
(61, '', 'JUAN VICTOR PEREZ', '', NULL, '2019-01-15 17:30:55', '2019-01-15 17:30:55', '', 1, NULL, '', '', '', 1),
(62, '', 'FREDDY SOLIZ', '', NULL, '2019-01-15 17:49:04', '2019-01-15 17:49:04', '', 1, NULL, '', '', '', 1),
(63, '', 'MARILDES MARIA VOBETO', '', NULL, '2019-01-15 18:46:41', '2019-01-15 18:46:41', '', 1, NULL, '', '', '', 1),
(64, '', 'CLIENTE', '', NULL, '2019-01-15 19:02:28', '2019-01-15 19:02:28', '', 1, NULL, '', '', '', 1),
(65, '', 'EVER MARISCAL', '', NULL, '2019-01-15 19:56:02', '2019-01-15 19:56:02', '', 1, NULL, '', '', '', 1),
(66, '', 'JUAN CARLOS TASCA', '', NULL, '2019-01-16 15:33:07', '2019-01-16 15:33:07', '', 1, NULL, '', '', '', 1),
(67, '', 'DELIO AMADO MARQUEZ SANTIAGO', '', NULL, '2019-01-16 18:02:42', '2019-01-16 18:02:42', '', 1, NULL, '', '', '', 1),
(68, '', 'JUAN CARLOS TASCA', '70011115', NULL, '2019-01-17 10:12:59', '2019-01-17 10:12:59', '', 1, NULL, '', '', '', 1),
(69, '', 'DAVID EGUEZ', '', NULL, '2019-01-17 15:42:17', '2019-01-17 15:42:17', '', 1, NULL, '', '', '', 1),
(70, '', 'SANDER-ANGELICA PEDRIEL DURAN', '74183110', NULL, '2019-01-17 16:24:32', '2019-01-17 16:24:32', '', 1, NULL, '', '', '', 1),
(71, '', 'SANDER-DIANA MICHEL CUELLAR', '78139634', NULL, '2019-01-17 16:29:13', '2019-01-17 16:29:13', '', 1, NULL, '', '', '', 1),
(72, '', 'SANDER-NICOLE MICHEL BARRIOS ROMAN', '', NULL, '2019-01-17 16:31:26', '2019-01-17 16:31:26', '', 1, NULL, '', '', '', 1),
(73, '', 'SANDER-AMERICA PEREZ GUTIERREZ DE BARRIOS', '', NULL, '2019-01-17 16:33:07', '2019-01-17 16:33:07', '', 1, NULL, '', '', '', 1),
(74, '', 'ANDREA TORRELIO', '78459633', NULL, '2019-01-19 09:51:06', '2019-01-19 09:51:06', '', 1, NULL, '', '', '', 1),
(75, '', 'LUIZ YERSON MENDEZ HURTADO', '', NULL, '2019-01-19 10:18:09', '2019-01-19 10:18:09', '', 1, NULL, '', '', '', 1),
(76, '', 'MOIRA JUSTINIANO', '', NULL, '2019-01-19 12:06:56', '2019-01-19 12:06:56', '', 1, NULL, '', '', '', 1),
(77, '', 'RODRIGO BUSTILLOS', '', NULL, '2019-01-21 10:27:21', '2019-01-21 10:27:21', '', 1, NULL, '', '', '', 1),
(78, '', 'BANCO', '', NULL, '2019-01-21 15:28:19', '2019-01-21 15:28:19', '', 1, NULL, '', '', '', 1),
(79, '', 'MIGUEL MANRRIQUEZ', '', NULL, '2019-01-21 20:37:25', '2019-01-21 20:37:25', '', 1, NULL, '', '', '', 1),
(80, '', 'DANIEL ELMIS PINTO', '75355546', NULL, '2019-01-26 14:38:55', '2019-01-26 14:38:55', '', 1, NULL, '', '', '', 1),
(81, '', 'LUIS WALTER CASTILLO', '', NULL, '2019-01-26 14:56:59', '2019-01-26 14:56:59', '', 1, NULL, '', '', '', 1),
(82, '', 'ARTURO ALI AYALA', '', NULL, '2019-01-28 09:58:06', '2019-01-28 09:58:06', '', 1, NULL, '', '', '', 1),
(83, '', 'DELIO-RENE CUEVAS', '', NULL, '2019-01-28 16:34:17', '2019-01-28 16:34:17', '', 1, NULL, '', '', '', 1),
(84, '', 'DELIO-MARTHA EDITH SOSA MORON', '', NULL, '2019-01-28 16:47:13', '2019-01-28 16:47:13', '', 1, NULL, '', '', '', 1),
(85, '', 'DELIO-SUEGRA DELIO', '', NULL, '2019-01-28 16:49:27', '2019-01-28 16:49:27', '', 1, NULL, '', '', '', 1),
(86, '', 'DELIO-ALISSON LIMPIAS', '', NULL, '2019-01-28 16:51:01', '2019-01-28 16:51:01', '', 1, NULL, '', '', '', 1),
(87, '', 'DELIO-IRENE PINTO ESTRADA', '', NULL, '2019-01-28 16:53:02', '2019-01-28 16:53:02', '', 1, NULL, '', '', '', 1),
(88, '', 'DELIO-MERCEDES PINTO ESTRADA', '', NULL, '2019-01-28 16:54:46', '2019-01-28 16:54:46', '', 1, NULL, '', '', '', 1),
(89, '', 'DELIO-TANIA JAZMIN PEREYRA MENACHO', '', NULL, '2019-01-28 16:56:27', '2019-01-28 16:56:27', '', 1, NULL, '', '', '', 1),
(90, '', 'DELIO-RAQUEL CASA 2 DELIO', '', NULL, '2019-01-28 16:58:59', '2019-01-28 16:58:59', '', 1, NULL, '', '', '', 1),
(91, '', 'DELIO-LISETH ARRIAGA VALDA', '', NULL, '2019-01-28 17:00:17', '2019-01-28 17:00:17', '', 1, NULL, '', '', '', 1),
(92, '', 'DELIO-MARTHA MOLINA', '', NULL, '2019-01-28 17:02:31', '2019-01-28 17:02:31', '', 1, NULL, '', '', '', 1),
(93, '', 'DELIO-JULIA ANDREA ALIAGA MORALES', '', NULL, '2019-01-28 17:04:20', '2019-01-28 17:04:20', '', 1, NULL, '', '', '', 1),
(94, '', 'DELIO-MARTIN MORALES DATZER', '', NULL, '2019-01-28 17:05:44', '2019-01-28 17:05:44', '', 1, NULL, '', '', '', 1),
(95, '', 'DELIO-COMIDA 7 DE ABRIL', '', NULL, '2019-01-28 17:07:31', '2019-01-28 17:07:31', '', 1, NULL, '', '', '', 1),
(96, '', 'DELIO-PEDRO VARGAS', '', NULL, '2019-01-28 17:08:52', '2019-01-28 17:08:52', '', 1, NULL, '', '', '', 1),
(97, '', 'DELIO-RAQUEL DUEÑA CASA DELIO', '', NULL, '2019-01-28 17:09:59', '2019-01-28 17:09:59', '', 1, NULL, '', '', '', 1);

-- --------------------------------------------------------

--
-- Estructura de tabla para la tabla `color`
--

CREATE TABLE IF NOT EXISTS `color` (
`id` bigint(20) NOT NULL,
  `descripcion` text
) ENGINE=InnoDB AUTO_INCREMENT=2 DEFAULT CHARSET=latin1;

--
-- Volcado de datos para la tabla `color`
--

INSERT INTO `color` (`id`, `descripcion`) VALUES
(1, 'DICARP');

-- --------------------------------------------------------

--
-- Estructura de tabla para la tabla `compra`
--

CREATE TABLE IF NOT EXISTS `compra` (
`id` bigint(20) NOT NULL,
  `fecha_compra` datetime DEFAULT NULL,
  `observacion` text,
  `subtotal` decimal(20,0) DEFAULT NULL,
  `descuento` decimal(20,0) DEFAULT NULL,
  `monto_total` decimal(20,0) DEFAULT NULL,
  `estado` smallint(6) DEFAULT NULL,
  `proveedor_id` bigint(20) DEFAULT NULL,
  `usuario_id` bigint(20) DEFAULT NULL,
  `sucursal_id` bigint(20) DEFAULT NULL,
  `fecha_registro` datetime DEFAULT NULL,
  `nro_fiscal` text
) ENGINE=InnoDB DEFAULT CHARSET=latin1;

-- --------------------------------------------------------

--
-- Estructura de tabla para la tabla `detalle_caja`
--

CREATE TABLE IF NOT EXISTS `detalle_caja` (
`id` bigint(20) NOT NULL,
  `caja_id` bigint(20) DEFAULT NULL,
  `sucursal_id` bigint(20) DEFAULT NULL,
  `usuario_id` bigint(20) DEFAULT NULL,
  `fecha_apertura` datetime DEFAULT NULL,
  `monto_apertura` decimal(20,2) DEFAULT NULL,
  `fecha_cierre` datetime DEFAULT NULL,
  `monto_cierre` decimal(20,2) DEFAULT NULL,
  `estado` text
) ENGINE=InnoDB AUTO_INCREMENT=2 DEFAULT CHARSET=latin1;

--
-- Volcado de datos para la tabla `detalle_caja`
--

INSERT INTO `detalle_caja` (`id`, `caja_id`, `sucursal_id`, `usuario_id`, `fecha_apertura`, `monto_apertura`, `fecha_cierre`, `monto_cierre`, `estado`) VALUES
(1, 1, 2, 1, '2018-03-21 00:00:00', '500.00', NULL, NULL, 'APERTURA');

-- --------------------------------------------------------

--
-- Estructura de tabla para la tabla `detalle_compra`
--

CREATE TABLE IF NOT EXISTS `detalle_compra` (
`id` bigint(20) NOT NULL,
  `producto_id` bigint(20) DEFAULT NULL,
  `compra_id` bigint(20) DEFAULT NULL,
  `unidad_id` bigint(20) DEFAULT NULL,
  `cantidad` bigint(20) DEFAULT NULL,
  `precio_compra` decimal(20,2) DEFAULT NULL
) ENGINE=InnoDB DEFAULT CHARSET=latin1;

-- --------------------------------------------------------

--
-- Estructura de tabla para la tabla `detalle_producto_ingreso`
--

CREATE TABLE IF NOT EXISTS `detalle_producto_ingreso` (
`id` bigint(20) NOT NULL,
  `ingreso_id` bigint(20) NOT NULL,
  `producto_id` bigint(20) NOT NULL,
  `cantidad` bigint(20) DEFAULT NULL,
  `cantidad_produccion` bigint(20) NOT NULL,
  `cantidad_ingresada` bigint(20) NOT NULL,
  `precio_compra` bigint(20) NOT NULL
) ENGINE=InnoDB AUTO_INCREMENT=148 DEFAULT CHARSET=latin1;

--
-- Volcado de datos para la tabla `detalle_producto_ingreso`
--

INSERT INTO `detalle_producto_ingreso` (`id`, `ingreso_id`, `producto_id`, `cantidad`, `cantidad_produccion`, `cantidad_ingresada`, `precio_compra`) VALUES
(1, 1, 49, 2, 0, 2, 1000),
(2, 2, 59, 2, 0, 2, 900),
(3, 3, 60, 0, 1, 1, 3500),
(4, 4, 60, 0, 1, 1, 3500),
(5, 5, 77, 1, 0, 1, 3500),
(6, 5, 65, 1, 0, 1, 1600),
(7, 6, 2, 12, 0, 12, 180),
(8, 6, 144, 2, 0, 2, 200),
(9, 6, 145, 6, 0, 6, 230),
(10, 7, 91, 1, 0, 1, 5200),
(11, 7, 146, 1, 0, 1, 3100),
(12, 8, 77, 0, 1, 1, 3500),
(13, 8, 65, 0, 1, 1, 1600),
(14, 9, 50, 1, 0, 1, 2000),
(15, 10, 47, 1, 0, 1, 1500),
(16, 11, 154, 2, 0, 2, 1900),
(17, 12, 4, 1, 0, 1, 100),
(18, 13, 154, 3, 0, 3, 1900),
(19, 14, 4, 1, 0, 1, 100),
(20, 15, 154, 2, 0, 2, 1900),
(21, 16, 154, 3, 0, 3, 1900),
(22, 17, 167, 1, 0, 1, 300),
(23, 18, 167, 1, 0, 1, 300),
(24, 19, 167, 1, 0, 1, 300),
(26, 21, 51, 2, 0, 2, 2500),
(27, 21, 65, 2, 0, 2, 1600),
(28, 22, 50, 1, 0, 1, 2000),
(29, 22, 64, 1, 0, 1, 1300),
(30, 23, 154, 2, 0, 2, 1900),
(31, 24, 50, 1, 0, 1, 2000),
(32, 25, 154, 3, 0, 3, 1900),
(33, 26, 170, 4, 0, 4, 1250),
(34, 27, 47, 1, 0, 1, 1500),
(35, 28, 47, 1, 0, 1, 1500),
(36, 29, 47, 1, 0, 1, 1500),
(37, 30, 170, 4, 0, 4, 1250),
(38, 31, 4, 2, 0, 2, 100),
(39, 31, 154, 1, 0, 1, 1900),
(40, 32, 4, 2, 0, 2, 100),
(41, 33, 170, 1, 0, 1, 1250),
(42, 34, 172, 1, 0, 1, 450),
(43, 34, 2, 1, 0, 1, 180),
(44, 34, 121, 1, 0, 1, 1000),
(45, 35, 173, 1, 0, 1, 200),
(46, 36, 173, 1, 0, 1, 200),
(47, 37, 47, 80, 0, 80, 1500),
(48, 37, 50, 50, 0, 50, 2000),
(49, 37, 51, 50, 0, 50, 2500),
(50, 38, 174, 50, 0, 50, 0),
(51, 39, 4, 8, 0, 8, 100),
(52, 39, 8, 3, 0, 3, 200),
(53, 40, 77, 0, 1, 1, 3500),
(54, 41, 175, 1, 0, 1, 240),
(55, 42, 154, 0, 1, 1, 1900),
(56, 43, 170, 1, 0, 1, 1250),
(57, 44, 163, 0, 1, 1, 4000),
(58, 44, 76, 0, 1, 1, 3000),
(59, 45, 176, 6, 0, 6, 120),
(60, 45, 177, 6, 0, 6, 60),
(61, 45, 178, 2, 0, 2, 55),
(62, 45, 179, 4, 0, 4, 30),
(63, 46, 170, 1, 0, 1, 1250),
(64, 47, 170, 1, 0, 1, 1200),
(65, 48, 170, 1, 0, 1, 1200),
(66, 49, 47, 1, 0, 1, 1500),
(67, 50, 17, 0, 1, 1, 1300),
(68, 50, 76, 0, 1, 1, 3000),
(69, 50, 64, 0, 1, 1, 1300),
(70, 51, 170, 1, 0, 1, 1200),
(74, 55, 182, 30, 0, 30, 700),
(75, 56, 182, 30, 0, 30, 700),
(76, 57, 182, 30, 0, 30, 700),
(77, 58, 180, 1, 0, 1, 500),
(78, 59, 170, 3, 0, 3, 1200),
(79, 60, 170, 1, 0, 1, 1200),
(80, 61, 184, 50, 0, 50, 0),
(81, 62, 182, 30, 0, 30, 700),
(82, 63, 181, 3, 0, 3, 550),
(83, 64, 170, 1, 0, 1, 1200),
(84, 65, 170, 1, 0, 1, 1200),
(85, 66, 170, 1, 0, 1, 1200),
(86, 67, 64, 1, 0, 1, 1300),
(87, 67, 76, 1, 0, 1, 3000),
(88, 68, 182, 20, 0, 20, 700),
(89, 69, 74, 0, 1, 1, 2000),
(90, 70, 51, 0, 1, 1, 2500),
(91, 71, 50, 1, 0, 1, 2000),
(92, 72, 122, 1, 0, 1, 1200),
(93, 73, 50, 2, 0, 2, 2000),
(94, 73, 51, 2, 0, 2, 2500),
(95, 73, 64, 2, 0, 2, 1300),
(96, 73, 65, 2, 0, 2, 1600),
(97, 74, 182, 21, 0, 21, 700),
(98, 75, 65, 1, 0, 1, 1600),
(99, 75, 51, 1, 0, 1, 2500),
(100, 76, 183, 5, 0, 5, 900),
(101, 77, 182, 4, 0, 4, 700),
(102, 78, 185, 50, 0, 50, 0),
(103, 79, 188, 1, 0, 1, 550),
(104, 79, 189, 1, 0, 1, 700),
(105, 79, 190, 2, 0, 2, 3300),
(106, 79, 186, 1, 0, 1, 900),
(107, 79, 187, 1, 0, 1, 1400),
(108, 79, 64, 3, 0, 3, 1300),
(109, 79, 76, 1, 0, 1, 3000),
(110, 79, 50, 1, 0, 1, 2000),
(111, 80, 188, 3, 0, 3, 550),
(112, 80, 189, 3, 0, 3, 700),
(113, 81, 167, 7, 0, 7, 300),
(114, 81, 169, 3, 0, 3, 400),
(115, 82, 60, 1, 0, 1, 3500),
(116, 83, 50, 1, 0, 1, 2000),
(117, 83, 76, 1, 0, 1, 3000),
(118, 83, 64, 3, 0, 3, 1300),
(119, 83, 188, 3, 0, 3, 550),
(120, 83, 189, 3, 0, 3, 700),
(121, 83, 190, 2, 0, 2, 3300),
(122, 83, 186, 1, 0, 1, 900),
(123, 83, 187, 1, 0, 1, 1400),
(124, 84, 167, 2, 0, 2, 300),
(125, 84, 2, 10, 0, 10, 180),
(126, 84, 145, 1, 0, 1, 230),
(127, 84, 8, 1, 0, 1, 200),
(128, 85, 167, 7, 0, 7, 300),
(129, 85, 169, 3, 0, 3, 400),
(130, 86, 60, 1, 0, 1, 3500),
(131, 87, 182, 11, 0, 11, 700),
(132, 88, 182, 5, 0, 5, 700),
(133, 88, 183, 2, 0, 2, 900),
(134, 89, 64, 1, 0, 1, 1300),
(135, 90, 4, 3, 0, 3, 100),
(136, 91, 182, 30, 0, 30, 700),
(137, 92, 49, 2, 0, 2, 1000),
(138, 92, 50, 8, 0, 8, 2000),
(139, 92, 47, 3, 0, 3, 1500),
(140, 92, 64, 3, 0, 3, 1300),
(141, 92, 76, 1, 0, 1, 3000),
(142, 92, 77, 1, 0, 1, 3500),
(143, 92, 169, 1, 0, 1, 400),
(144, 92, 79, 1, 0, 1, 4900),
(145, 93, 65, 1, 0, 1, 1600),
(146, 94, 168, 1, 0, 1, 370),
(147, 95, 63, 1, 0, 1, 1000);

-- --------------------------------------------------------

--
-- Estructura de tabla para la tabla `detalle_proforma`
--

CREATE TABLE IF NOT EXISTS `detalle_proforma` (
`id` bigint(20) NOT NULL,
  `proforma_id` bigint(20) DEFAULT NULL,
  `producto_id` bigint(20) DEFAULT NULL,
  `talla_id` bigint(20) DEFAULT NULL,
  `color_id` bigint(20) DEFAULT NULL,
  `cantidad` bigint(20) DEFAULT NULL,
  `precio_venta` decimal(20,2) DEFAULT NULL,
  `inventario_id` bigint(20) DEFAULT NULL
) ENGINE=InnoDB AUTO_INCREMENT=39 DEFAULT CHARSET=latin1;

--
-- Volcado de datos para la tabla `detalle_proforma`
--

INSERT INTO `detalle_proforma` (`id`, `proforma_id`, `producto_id`, `talla_id`, `color_id`, `cantidad`, `precio_venta`, `inventario_id`) VALUES
(1, 1, 49, 26, 1, 2, '1000.00', NULL),
(2, 1, 59, 26, 1, 2, '900.00', NULL),
(3, 2, 60, 26, 1, 1, '3500.00', NULL),
(4, 3, 4, 26, 1, 50, '100.00', NULL),
(5, 4, 4, 26, 1, 100, '60.00', NULL),
(6, 5, 4, 26, 1, 100, '60.00', NULL),
(7, 6, 4, 26, 1, 100, '60.00', NULL),
(8, 7, 4, 26, 1, 100, '60.00', NULL),
(9, 7, 76, 26, 1, 30, '2250.00', NULL),
(10, 8, 4, 26, 1, 100, '60.00', NULL),
(11, 8, 76, 26, 1, 30, '2250.00', NULL),
(12, 8, 75, 26, 1, 30, '1750.00', NULL),
(13, 9, 50, 26, 1, 1, '2000.00', NULL),
(14, 9, 64, 26, 1, 1, '1300.00', NULL),
(15, 10, 2, 26, 1, 3, '180.00', NULL),
(16, 10, 50, 26, 1, 1, '2000.00', NULL),
(17, 10, 64, 26, 1, 1, '1300.00', NULL),
(18, 10, 47, 26, 1, 1, '1500.00', NULL),
(19, 10, 47, 26, 1, 1, '1500.00', NULL),
(20, 11, 170, 26, 1, 1, '1200.00', NULL),
(21, 11, 64, 26, 1, 1, '1300.00', NULL),
(22, 12, 77, 26, 1, 1, '3500.00', NULL),
(23, 12, 65, 26, 1, 1, '1600.00', NULL),
(24, 13, 74, 26, 1, 1, '2000.00', NULL),
(25, 14, 51, 26, 1, 1, '2500.00', NULL),
(26, 15, 47, 26, 1, 1, '1500.00', NULL),
(27, 15, 50, 26, 1, 1, '2000.00', NULL),
(28, 15, 76, 26, 1, 1, '3000.00', NULL),
(29, 16, 78, 26, 1, 1, '4000.00', NULL),
(30, 17, 50, 26, 1, 1, '2000.00', NULL),
(31, 17, 76, 26, 1, 1, '3000.00', NULL),
(32, 18, 50, 26, 1, 1, '2000.00', NULL),
(33, 18, 76, 26, 1, 1, '3000.00', NULL),
(34, 18, 8, 26, 1, 1, '200.00', NULL),
(35, 19, 76, 26, 1, 2, '3000.00', NULL),
(36, 19, 50, 26, 1, 1, '2000.00', NULL),
(37, 20, 76, 26, 1, 2, '3000.00', NULL),
(38, 20, 50, 26, 1, 1, '2000.00', NULL);

-- --------------------------------------------------------

--
-- Estructura de tabla para la tabla `detalle_salida_inventario`
--

CREATE TABLE IF NOT EXISTS `detalle_salida_inventario` (
  `id` bigint(20) DEFAULT NULL,
  `salida_inventario_id` bigint(20) NOT NULL,
  `producto_inventario_id` bigint(20) NOT NULL,
  `cantidad` bigint(20) DEFAULT NULL,
  `estado` smallint(6) DEFAULT NULL
) ENGINE=InnoDB DEFAULT CHARSET=latin1;

-- --------------------------------------------------------

--
-- Estructura de tabla para la tabla `detalle_venta`
--

CREATE TABLE IF NOT EXISTS `detalle_venta` (
`id` bigint(20) NOT NULL,
  `venta_id` bigint(20) DEFAULT NULL,
  `producto_id` bigint(20) DEFAULT NULL,
  `talla_id` bigint(20) DEFAULT NULL,
  `color_id` bigint(20) DEFAULT NULL,
  `cantidad` bigint(20) DEFAULT NULL,
  `cantidad_produccion` bigint(20) NOT NULL,
  `precio_venta` decimal(20,2) DEFAULT NULL,
  `descuento_producto` int(11) NOT NULL,
  `estado_entrega` bigint(20) NOT NULL,
  `inventario_id` bigint(20) DEFAULT NULL
) ENGINE=InnoDB AUTO_INCREMENT=210 DEFAULT CHARSET=latin1;

--
-- Volcado de datos para la tabla `detalle_venta`
--

INSERT INTO `detalle_venta` (`id`, `venta_id`, `producto_id`, `talla_id`, `color_id`, `cantidad`, `cantidad_produccion`, `precio_venta`, `descuento_producto`, `estado_entrega`, `inventario_id`) VALUES
(1, 1, 49, 26, 1, 0, 2, '1000.00', 0, 5, 1),
(2, 1, 59, 26, 1, 0, 2, '900.00', 0, 5, 2),
(4, 3, 60, 26, 1, 0, 1, '3500.00', 0, 4, 3),
(5, 4, 77, 26, 1, 1, 0, '3500.00', 0, 5, 4),
(6, 4, 65, 26, 1, 1, 0, '1600.00', 0, 5, 5),
(7, 5, 146, 26, 1, 1, 0, '3100.00', 0, 5, 10),
(8, 5, 91, 26, 1, 1, 0, '5200.00', 0, 5, 9),
(9, 6, 77, 26, 1, 0, 1, '3500.00', 0, 5, 4),
(10, 6, 65, 26, 1, 0, 1, '1600.00', 0, 5, 5),
(11, 7, 145, 26, 1, 2, 0, '230.00', 0, 5, 8),
(12, 8, 50, 26, 1, 1, 0, '2000.00', 0, 5, 11),
(13, 9, 47, 26, 1, 1, 0, '1500.00', 0, 5, 12),
(14, 10, 154, 26, 1, 1, 0, '1900.00', 0, 5, 13),
(15, 10, 4, 26, 1, 1, 0, '100.00', 0, 5, 14),
(16, 11, 154, 26, 1, 1, 0, '1900.00', 0, 5, 13),
(17, 11, 4, 26, 1, 1, 0, '100.00', 0, 5, 14),
(18, 12, 154, 26, 1, 1, 0, '1900.00', 0, 5, 13),
(19, 13, 154, 26, 1, 1, 0, '1900.00', 0, 5, 13),
(20, 14, 154, 26, 1, 1, 0, '1900.00', 0, 5, 13),
(21, 15, 154, 26, 1, 1, 0, '1900.00', 0, 5, 13),
(22, 16, 154, 26, 1, 1, 0, '1900.00', 0, 5, 13),
(23, 17, 154, 26, 1, 1, 0, '1900.00', 0, 5, 13),
(24, 18, 167, 26, 1, 1, 0, '300.00', 0, 5, 15),
(25, 19, 154, 26, 1, 1, 0, '1900.00', 0, 5, 13),
(26, 19, 2, 26, 1, 2, 0, '180.00', 0, 5, 6),
(27, 20, 51, 26, 1, 1, 0, '2500.00', 0, 5, 16),
(28, 20, 65, 26, 1, 1, 0, '1600.00', 0, 5, 5),
(29, 21, 51, 26, 1, 1, 0, '2500.00', 0, 5, 16),
(30, 21, 65, 26, 1, 1, 0, '1600.00', 0, 5, 5),
(31, 22, 50, 26, 1, 1, 0, '2000.00', 0, 5, 11),
(32, 22, 64, 26, 1, 1, 0, '1300.00', 0, 5, 17),
(33, 23, 154, 26, 1, 1, 0, '1900.00', 0, 5, 13),
(34, 24, 154, 26, 1, 1, 0, '1900.00', 0, 4, 13),
(35, 25, 50, 26, 1, 1, 0, '1250.00', 0, 5, 11),
(36, 26, 154, 26, 1, 1, 0, '1900.00', 0, 5, 13),
(37, 27, 170, 26, 1, 1, 0, '1250.00', 0, 5, 18),
(38, 28, 47, 26, 1, 1, 0, '1100.00', 0, 5, 12),
(39, 29, 47, 26, 1, 1, 0, '1100.00', 0, 5, 12),
(41, 31, 170, 26, 1, 1, 0, '1250.00', 0, 5, 18),
(42, 32, 170, 26, 1, 2, 0, '1250.00', 0, 5, 18),
(43, 33, 170, 26, 1, 1, 0, '1250.00', 0, 5, 18),
(44, 34, 170, 26, 1, 2, 0, '1250.00', 0, 5, 18),
(45, 35, 170, 26, 1, 1, 0, '1250.00', 0, 5, 18),
(46, 36, 154, 26, 1, 1, 0, '1900.00', 0, 5, 13),
(47, 36, 4, 26, 1, 1, 0, '80.00', 0, 5, 14),
(48, 36, 4, 26, 1, 1, 0, '70.00', 0, 5, 14),
(49, 37, 4, 26, 1, 1, 0, '80.00', 0, 5, 14),
(50, 38, 170, 26, 1, 1, 0, '1250.00', 0, 5, 18),
(51, 39, 172, 26, 1, 1, 0, '450.00', 0, 5, 19),
(52, 39, 2, 26, 1, 1, 0, '180.00', 0, 5, 6),
(53, 39, 121, 26, 1, 1, 0, '1000.00', 0, 5, 20),
(54, 40, 173, 26, 1, 1, 0, '200.00', 0, 5, 21),
(55, 41, 173, 26, 1, 1, 0, '200.00', 0, 5, 21),
(56, 42, 47, 26, 1, 1, 0, '1500.00', 0, 4, 12),
(57, 43, 47, 26, 1, 15, 0, '1500.00', 0, 5, 12),
(58, 43, 50, 26, 1, 10, 0, '2000.00', 0, 5, 11),
(59, 44, 50, 26, 1, 1, 0, '2000.00', 0, 5, 11),
(60, 45, 174, 26, 1, 1, 0, '0.00', 0, 5, 22),
(61, 46, 50, 26, 1, 39, 0, '2000.00', 0, 5, 11),
(62, 46, 51, 26, 1, 50, 0, '2500.00', 0, 5, 16),
(63, 47, 174, 26, 1, 1, 0, '0.00', 0, 5, 22),
(64, 48, 174, 26, 1, 1, 0, '0.00', 0, 5, 22),
(65, 49, 47, 26, 1, 50, 0, '1500.00', 0, 5, 12),
(66, 50, 174, 26, 1, 1, 0, '0.00', 0, 5, 22),
(67, 51, 2, 26, 1, 1, 0, '180.00', 0, 5, 6),
(68, 52, 77, 26, 1, 0, 1, '3500.00', 0, 4, 4),
(69, 52, 4, 26, 1, 1, 0, '100.00', 0, 5, 14),
(70, 53, 4, 26, 1, 1, 0, '100.00', 0, 5, 14),
(71, 54, 154, 26, 1, 1, 0, '1900.00', 0, 5, 13),
(72, 54, 175, 26, 1, 1, 0, '240.00', 0, 5, 24),
(73, 55, 170, 26, 1, 1, 0, '1250.00', 0, 5, 18),
(74, 56, 2, 26, 1, 1, 0, '180.00', 0, 5, 6),
(75, 57, 163, 26, 1, 0, 1, '4000.00', 0, 4, 25),
(76, 57, 76, 26, 1, 0, 1, '3000.00', 0, 4, 26),
(77, 58, 170, 26, 1, 1, 0, '1200.00', 0, 5, 18),
(78, 59, 4, 26, 1, 2, 0, '100.00', 0, 5, 14),
(79, 60, 176, 26, 1, 1, 0, '120.00', 0, 5, 27),
(80, 61, 170, 26, 1, 1, 0, '1200.00', 0, 5, 18),
(81, 62, 4, 26, 1, 2, 0, '100.00', 0, 5, 14),
(82, 63, 170, 26, 1, 1, 0, '1200.00', 0, 5, 18),
(83, 64, 47, 26, 1, 1, 0, '1500.00', 0, 5, 12),
(84, 65, 17, 26, 1, 0, 1, '1300.00', 0, 4, 31),
(85, 65, 76, 26, 1, 0, 1, '3000.00', 0, 5, 26),
(86, 65, 64, 26, 1, 0, 1, '1300.00', 0, 5, 17),
(87, 66, 170, 26, 1, 1, 0, '1200.00', 0, 5, 18),
(88, 67, 182, 26, 1, 30, 0, '700.00', 0, 5, 32),
(89, 68, 174, 26, 1, 1, 0, '0.00', 0, 5, 22),
(90, 69, 182, 26, 1, 30, 0, '700.00', 0, 5, 33),
(91, 70, 182, 26, 1, 30, 0, '700.00', 0, 5, 34),
(92, 71, 182, 26, 1, 30, 0, '700.00', 0, 5, 35),
(93, 72, 182, 26, 1, 30, 0, '700.00', 0, 5, 35),
(94, 73, 182, 26, 1, 30, 0, '700.00', 0, 5, 35),
(95, 74, 180, 26, 1, 1, 0, '500.00', 0, 5, 36),
(96, 75, 170, 26, 1, 1, 0, '1200.00', 0, 5, 18),
(97, 76, 47, 26, 1, 1, 0, '1500.00', 0, 5, 12),
(98, 77, 170, 26, 1, 1, 0, '1200.00', 0, 5, 18),
(99, 78, 184, 26, 1, 1, 0, '0.00', 0, 5, 37),
(100, 79, 184, 26, 1, 1, 0, '0.00', 0, 5, 37),
(101, 80, 184, 26, 1, 1, 0, '0.00', 0, 5, 37),
(102, 81, 182, 26, 1, 25, 0, '700.00', 0, 5, 35),
(103, 82, 170, 26, 1, 1, 0, '1200.00', 0, 5, 18),
(104, 82, 4, 26, 1, 2, 0, '100.00', 0, 5, 14),
(105, 83, 181, 26, 1, 3, 0, '550.00', 0, 5, 38),
(106, 83, 182, 26, 1, 2, 0, '700.00', 0, 5, 35),
(107, 84, 182, 26, 1, 3, 0, '700.00', 0, 5, 35),
(108, 85, 184, 26, 1, 1, 0, '0.00', 0, 5, 37),
(109, 86, 170, 26, 1, 1, 0, '1200.00', 0, 5, 18),
(110, 87, 184, 26, 1, 1, 0, '0.00', 0, 5, 37),
(111, 88, 170, 26, 1, 1, 0, '1200.00', 0, 5, 18),
(112, 89, 170, 26, 1, 1, 0, '1200.00', 0, 5, 18),
(113, 90, 170, 26, 1, 1, 0, '1200.00', 0, 5, 18),
(114, 91, 174, 26, 1, 1, 0, '0.00', 0, 5, 22),
(115, 92, 64, 26, 1, 1, 0, '1300.00', 0, 5, 17),
(116, 92, 76, 26, 1, 1, 0, '3000.00', 0, 5, 26),
(117, 93, 182, 26, 1, 20, 0, '700.00', 0, 5, 35),
(118, 94, 74, 26, 1, 0, 1, '2000.00', 0, 5, 39),
(119, 95, 51, 26, 1, 0, 1, '2500.00', 0, 5, 16),
(120, 96, 184, 26, 1, 1, 0, '0.00', 0, 5, 37),
(121, 97, 184, 26, 1, 1, 0, '0.00', 0, 5, 37),
(122, 98, 184, 26, 1, 1, 0, '0.00', 0, 5, 37),
(123, 99, 145, 26, 1, 1, 0, '230.00', 0, 5, 8),
(124, 100, 174, 26, 1, 1, 0, '0.00', 0, 5, 22),
(125, 101, 184, 26, 1, 1, 0, '0.00', 0, 5, 37),
(126, 102, 184, 26, 1, 1, 0, '0.00', 0, 5, 37),
(127, 103, 47, 26, 1, 1, 0, '1500.00', 0, 5, 12),
(128, 103, 50, 26, 1, 1, 0, '2000.00', 0, 5, 11),
(129, 104, 122, 26, 1, 1, 0, '1200.00', 0, 5, 40),
(130, 105, 174, 26, 1, 1, 0, '0.00', 0, 5, 22),
(131, 106, 50, 26, 1, 1, 0, '2000.00', 0, 5, 11),
(132, 106, 64, 26, 1, 1, 0, '1300.00', 0, 5, 17),
(133, 107, 50, 26, 1, 1, 0, '2000.00', 0, 5, 11),
(134, 107, 64, 26, 1, 1, 0, '1300.00', 0, 5, 17),
(135, 108, 51, 26, 1, 1, 0, '2500.00', 0, 5, 16),
(136, 108, 65, 26, 1, 1, 0, '1600.00', 0, 5, 5),
(137, 109, 51, 26, 1, 1, 0, '2500.00', 0, 5, 16),
(138, 109, 65, 26, 1, 1, 0, '1600.00', 0, 5, 5),
(139, 110, 182, 26, 1, 21, 0, '700.00', 0, 5, 35),
(140, 111, 65, 26, 1, 1, 0, '1600.00', 0, 5, 5),
(141, 111, 51, 26, 1, 1, 0, '2500.00', 0, 5, 16),
(142, 112, 184, 26, 1, 1, 0, '0.00', 0, 5, 37),
(143, 113, 183, 26, 1, 5, 0, '900.00', 0, 5, 41),
(144, 114, 182, 26, 1, 4, 0, '700.00', 0, 5, 35),
(145, 115, 185, 26, 1, 1, 0, '0.00', 0, 5, 42),
(146, 116, 76, 26, 1, 1, 0, '3000.00', 0, 5, 26),
(147, 116, 50, 26, 1, 1, 0, '2000.00', 0, 5, 11),
(148, 116, 186, 26, 1, 1, 0, '900.00', 0, 5, 46),
(149, 116, 187, 26, 1, 1, 0, '1400.00', 0, 4, 47),
(150, 116, 190, 26, 1, 2, 0, '3300.00', 0, 4, 45),
(151, 116, 188, 26, 1, 3, 0, '550.00', 0, 5, 43),
(152, 116, 189, 26, 1, 3, 0, '700.00', 0, 5, 44),
(153, 116, 64, 26, 1, 2, 0, '1300.00', 0, 5, 17),
(154, 116, 64, 26, 1, 1, 0, '1300.00', 0, 5, 17),
(155, 117, 2, 26, 1, 10, 0, '180.00', 0, 5, 6),
(156, 117, 145, 26, 1, 1, 0, '230.00', 0, 5, 8),
(157, 117, 8, 26, 1, 1, 0, '200.00', 0, 5, 23),
(158, 117, 167, 26, 1, 2, 0, '300.00', 0, 5, 15),
(159, 117, 167, 26, 1, 7, 0, '300.00', 0, 5, 15),
(160, 117, 169, 26, 1, 3, 0, '400.00', 0, 5, 48),
(161, 118, 60, 26, 1, 1, 0, '3500.00', 0, 5, 49),
(162, 119, 50, 26, 1, 1, 0, '2000.00', 0, 5, 11),
(163, 119, 76, 26, 1, 1, 0, '3000.00', 0, 5, 26),
(164, 119, 64, 26, 1, 2, 0, '1300.00', 0, 5, 17),
(165, 119, 186, 26, 1, 1, 0, '900.00', 0, 5, 46),
(166, 119, 187, 26, 1, 1, 0, '1400.00', 0, 5, 47),
(167, 119, 190, 26, 1, 2, 0, '3300.00', 0, 5, 45),
(168, 119, 64, 26, 1, 1, 0, '1300.00', 0, 5, 17),
(169, 119, 188, 26, 1, 3, 0, '550.00', 0, 5, 43),
(170, 119, 189, 26, 1, 3, 0, '700.00', 0, 5, 44),
(171, 120, 167, 26, 1, 2, 0, '300.00', 0, 5, 15),
(172, 120, 2, 26, 1, 10, 0, '180.00', 0, 5, 6),
(173, 120, 145, 26, 1, 1, 0, '230.00', 0, 5, 8),
(174, 120, 8, 26, 1, 1, 0, '200.00', 0, 5, 23),
(175, 120, 167, 26, 1, 7, 0, '300.00', 0, 5, 15),
(176, 120, 169, 26, 1, 3, 0, '400.00', 0, 5, 48),
(177, 121, 174, 26, 1, 1, 0, '0.00', 0, 5, 22),
(178, 122, 60, 26, 1, 1, 0, '3500.00', 0, 5, 49),
(179, 123, 182, 26, 1, 11, 0, '700.00', 0, 5, 35),
(180, 124, 174, 26, 1, 1, 0, '0.00', 0, 5, 22),
(181, 125, 182, 26, 1, 5, 0, '700.00', 0, 5, 35),
(182, 125, 183, 26, 1, 2, 0, '900.00', 0, 5, 41),
(183, 126, 174, 26, 1, 1, 0, '0.00', 0, 5, 22),
(184, 127, 174, 26, 1, 1, 0, '0.00', 0, 5, 22),
(185, 128, 174, 26, 1, 1, 0, '0.00', 0, 5, 22),
(186, 129, 185, 26, 1, 1, 0, '0.00', 0, 5, 42),
(187, 130, 185, 26, 1, 1, 0, '0.00', 0, 5, 42),
(188, 131, 64, 26, 1, 1, 0, '1300.00', 0, 5, 17),
(189, 132, 4, 26, 1, 4, 0, '100.00', 0, 5, 14),
(190, 133, 182, 26, 1, 30, 0, '700.00', 0, 5, 35),
(191, 134, 49, 26, 1, 2, 0, '1000.00', 0, 5, 1),
(192, 135, 77, 26, 1, 1, 0, '3500.00', 0, 5, 4),
(193, 135, 65, 26, 1, 1, 0, '1600.00', 0, 5, 5),
(194, 136, 47, 26, 1, 1, 0, '1500.00', 0, 5, 12),
(195, 136, 63, 26, 1, 1, 0, '1000.00', 0, 5, 52),
(196, 137, 50, 26, 1, 1, 0, '2000.00', 0, 5, 11),
(197, 138, 50, 26, 1, 1, 0, '2000.00', 0, 5, 11),
(198, 139, 50, 26, 1, 1, 0, '2000.00', 0, 5, 11),
(199, 140, 50, 26, 1, 1, 0, '2000.00', 0, 5, 11),
(200, 140, 64, 26, 1, 1, 0, '1300.00', 0, 5, 17),
(201, 141, 50, 26, 1, 1, 0, '2000.00', 0, 5, 11),
(202, 141, 64, 26, 1, 1, 0, '1300.00', 0, 5, 17),
(203, 142, 50, 26, 1, 1, 0, '2000.00', 0, 5, 11),
(204, 143, 47, 26, 1, 1, 0, '1500.00', 0, 5, 12),
(205, 144, 79, 26, 1, 1, 0, '4900.00', 0, 5, 50),
(206, 145, 50, 26, 1, 1, 0, '2000.00', 0, 5, 11),
(207, 145, 64, 26, 1, 1, 0, '1300.00', 0, 5, 17),
(208, 146, 76, 26, 1, 1, 0, '3000.00', 0, 5, 26),
(209, 147, 50, 26, 1, 1, 0, '2000.00', 0, 5, 11);

-- --------------------------------------------------------

--
-- Estructura Stand-in para la vista `deudas_por_cobrar`
--
CREATE TABLE IF NOT EXISTS `deudas_por_cobrar` (
`id` bigint(20)
,`fecha` datetime
,`cliente_id` bigint(20)
,`nombre_cliente` text
,`total` decimal(20,2)
,`total_pagado` decimal(42,2)
,`saldo` decimal(43,2)
,`estado` text
,`nro_venta` bigint(20)
);
-- --------------------------------------------------------

--
-- Estructura de tabla para la tabla `egreso_caja`
--

CREATE TABLE IF NOT EXISTS `egreso_caja` (
`id` bigint(20) NOT NULL,
  `fecha_registro` datetime DEFAULT NULL,
  `fecha_egreso` datetime DEFAULT NULL,
  `forma_egreso` text NOT NULL,
  `detalle` text,
  `monto` decimal(20,2) DEFAULT NULL,
  `estado` smallint(6) DEFAULT NULL,
  `tipo_egreso_id` bigint(20) DEFAULT NULL,
  `sucursal_id` bigint(20) DEFAULT NULL,
  `usuario_id` bigint(20) DEFAULT NULL
) ENGINE=InnoDB AUTO_INCREMENT=102 DEFAULT CHARSET=latin1;

--
-- Volcado de datos para la tabla `egreso_caja`
--

INSERT INTO `egreso_caja` (`id`, `fecha_registro`, `fecha_egreso`, `forma_egreso`, `detalle`, `monto`, `estado`, `tipo_egreso_id`, `sucursal_id`, `usuario_id`) VALUES
(1, '2019-01-09 00:00:00', '2019-01-09 00:00:00', '1', 'SALDO A PAGAR BS 400 ', '2000.00', 1, 1, 2, 2),
(2, '2019-01-10 00:00:00', '2019-01-10 00:00:00', '1', '', '400.00', 1, 1, 2, 1),
(3, '2019-01-11 00:00:00', '2019-01-11 00:00:00', '1', 'ENVIÓ DE COLCHONES DOBLE PILLOW A NELSON SANABRIA', '150.00', 0, 2, 2, 2),
(4, '2019-01-11 00:00:00', '2019-01-11 00:00:00', '1', 'POR 20 SOMMIERS', '600.00', 1, 3, 2, 2),
(5, '2019-01-11 00:00:00', '2019-01-11 00:00:00', '1', 'TRABAJADOR HERLAND', '50.00', 0, 1, 2, 2),
(6, '2019-01-11 00:00:00', '2019-01-11 00:00:00', '1', '', '1000.00', 1, 5, 2, 2),
(7, '2019-01-14 00:00:00', '2019-01-14 00:00:00', '1', 'POR COMPRA DE TELA GALLETA', '600.00', 1, 6, 2, 2),
(8, '2019-01-14 00:00:00', '2019-01-14 00:00:00', '1', 'TELA POPELINA BLANCA', '920.00', 1, 8, 2, 2),
(9, '2019-01-14 00:00:00', '2019-01-14 00:00:00', '1', 'COMPRA DE HILO (1 CAJA)', '90.00', 1, 8, 2, 2),
(10, '2019-01-14 00:00:00', '2019-01-14 00:00:00', '1', 'ABONO A CUENTA PENDIENTE', '14000.00', 1, 9, 2, 2),
(11, '2019-01-14 00:00:00', '2019-01-14 00:00:00', '1', 'PAGO HERLAND JUSTINIANO MES  DIC', '1507.00', 1, 10, 2, 1),
(12, '2019-01-14 00:00:00', '2019-01-14 00:00:00', '1', 'PAGO A REINA SEMANA DEL LUNES 7 AL SABADO 12', '300.00', 1, 10, 2, 1),
(13, '2019-01-14 00:00:00', '2019-01-14 00:00:00', '1', 'ANTICIPO DE SALARIO LEONEL MES ENERO', '200.00', 1, 4, 2, 1),
(14, '2019-01-14 00:00:00', '2019-01-14 00:00:00', '1', 'PAGO SALARIO EDSON SANCHEZ, MES DICIEMBRE', '1360.00', 1, 10, 2, 1),
(15, '2019-01-14 00:00:00', '2019-01-14 00:00:00', '1', 'PAGO POR CERRADO COLCHONES WILSON PUMA', '500.00', 1, 11, 2, 1),
(16, '2019-01-14 00:00:00', '2019-01-14 00:00:00', '1', 'COMPRA DE TELA PICADA 300 KILOS', '900.00', 1, 6, 2, 1),
(17, '2019-01-15 00:00:00', '2019-01-15 00:00:00', '1', '', '750.00', 0, 1, 2, 2),
(18, '2019-01-15 00:00:00', '2019-01-15 00:00:00', '1', '', '750.00', 0, 12, 2, 2),
(19, '2019-01-15 00:00:00', '2019-01-15 00:00:00', '1', '', '800.00', 1, 12, 2, 2),
(20, '2019-01-15 00:00:00', '2019-01-15 00:00:00', '1', 'PAGO A WILSON PUMA SALDO A PAGAR 500 BS DE SEMANA 7-12 DE ENERO ', '571.00', 1, 11, 2, 1),
(21, '2019-01-16 00:00:00', '2019-01-16 00:00:00', '1', 'COMPRA TELA EDREDONADA TIENDA VALENTIN', '1350.00', 1, 6, 2, 1),
(22, '2019-01-16 00:00:00', '2019-01-16 00:00:00', '1', 'ANTICIPO LEONEL, CORRESPONDIENTE MES ENERO', '50.00', 1, 4, 2, 1),
(23, '2019-01-16 00:00:00', '2019-01-16 00:00:00', '1', 'POR PAGO DE PUFF', '900.00', 1, 13, 2, 2),
(24, '2019-01-16 00:00:00', '2019-01-16 00:00:00', '1', 'PARA LISY', '300.00', 1, 4, 2, 2),
(25, '2019-01-16 00:00:00', '2019-01-16 00:00:00', '1', 'PAGO FIBRA SRA NATHY', '2510.00', 1, 8, 2, 1),
(26, '2019-01-16 00:00:00', '2019-01-16 00:00:00', '2', 'PAGO POR MATERIAL', '10000.00', 1, 9, 2, 1),
(27, '2019-01-16 00:00:00', '2019-01-16 00:00:00', '1', 'COMPRA DE GRAPAS  PARA SOMMIER Y GRAMPAS PARA COLCHON ', '440.00', 1, 6, 2, 1),
(28, '2019-01-16 00:00:00', '2019-01-16 00:00:00', '1', 'SE CREA CAJA CHICA PARA TIENDA', '1322.00', 0, 14, 2, 1),
(29, '2019-01-16 00:00:00', '2019-01-16 00:00:00', '1', 'PAGO A MARCO', '100.00', 1, 4, 2, 1),
(30, '2019-01-16 00:00:00', '2019-01-16 00:00:00', '1', 'PAGO A DIEGO', '100.00', 1, 4, 2, 1),
(31, '2019-01-16 00:00:00', '2019-01-16 00:00:00', '1', 'CAJA CHICA ', '1322.00', 1, 14, 2, 1),
(32, '2019-01-17 00:00:00', '2019-01-17 00:00:00', '1', 'COMPRA RIBETE, COLCHA RESINADA', '656.00', 1, 15, 2, 2),
(33, '2019-01-17 00:00:00', '2019-01-17 00:00:00', '1', 'COMPRA DE TELA', '1325.00', 1, 8, 2, 2),
(34, '2019-01-17 00:00:00', '2019-01-17 00:00:00', '1', 'COMPRA DE TELA GALLETA', '600.00', 1, 6, 2, 2),
(35, '2019-01-17 00:00:00', '2019-01-17 00:00:00', '2', 'PAGO A CUENTA MAXIKING', '10000.00', 1, 9, 2, 1),
(36, '2019-01-17 00:00:00', '2019-01-17 00:00:00', '1', 'COMPRA ESPUMA NASA DE 3 CM', '225.00', 1, 8, 2, 1),
(37, '2019-01-17 00:00:00', '2019-01-17 00:00:00', '1', 'ANTICIPO CRIS CORRESPONDIENTE A MES ENERO', '50.00', 0, 4, 2, 1),
(38, '2019-01-17 00:00:00', '2019-01-17 00:00:00', '1', 'ANTICIPO CRIS CORRESPONDIENTE A MES ENERO', '100.00', 1, 4, 2, 1),
(39, '2019-01-17 00:00:00', '2019-01-17 00:00:00', '1', 'PAGO WILSON PUMA', '200.00', 1, 11, 2, 1),
(40, '2019-01-18 00:00:00', '2019-01-18 00:00:00', '1', 'PAGO NESTOR POR TRANSPORTE MATERIAL', '130.00', 1, 2, 2, 1),
(41, '2019-01-18 00:00:00', '2019-01-18 00:00:00', '1', 'COMPRA DE 3 ROLLOS DE PLASTICO EN PLASTICOS CARMEN', '1380.00', 1, 16, 2, 1),
(42, '2019-01-18 00:00:00', '2019-01-18 00:00:00', '1', 'COMPRA DE PINTURA Y RETARDADOR PARA SERIGRAFIAR BOLSAS', '320.00', 1, 17, 2, 1),
(43, '2019-01-18 00:00:00', '2019-01-18 00:00:00', '1', 'ENVIO A TARIJA', '130.00', 1, 2, 2, 2),
(44, '2019-01-18 00:00:00', '2019-01-18 00:00:00', '2', 'ABONO A CUENTA A MAXIKING', '5000.00', 1, 9, 2, 2),
(45, '2019-01-18 00:00:00', '2019-01-18 00:00:00', '1', 'COMPRA DE TELA, RIBETE Y ELASTICO', '647.00', 1, 8, 2, 2),
(46, '2019-01-18 00:00:00', '2019-01-18 00:00:00', '1', 'COMPRA DE BISAGRA', '40.00', 1, 8, 2, 2),
(47, '2019-01-18 00:00:00', '2019-01-18 00:00:00', '1', '', '20.00', 1, 18, 2, 1),
(48, '2019-01-19 00:00:00', '2019-01-19 00:00:00', '1', '', '55.00', 1, 7, 2, 2),
(49, '2019-01-19 00:00:00', '2019-01-19 00:00:00', '1', 'PAGO A HERLAND', '20.00', 1, 4, 2, 2),
(50, '2019-01-19 00:00:00', '2019-01-19 00:00:00', '1', 'PAGO CLEFA SR JORGE', '780.00', 1, 12, 2, 1),
(51, '2019-01-19 00:00:00', '2019-01-19 00:00:00', '1', 'PAGO 26 HRS EXTRAS MARCO FLORENCIO MENDIETA', '223.00', 1, 10, 2, 1),
(52, '2019-01-19 00:00:00', '2019-01-19 00:00:00', '1', 'PAGO A REINA SEMANA DEL 14 AL 19 ENERO', '300.00', 1, 10, 2, 1),
(53, '2019-01-19 00:00:00', '2019-01-19 00:00:00', '1', 'ANTICIPO CRIS MES ENERO', '500.00', 1, 4, 2, 1),
(54, '2019-01-19 00:00:00', '2019-01-19 00:00:00', '1', 'PAGO DE 11 Y 12 DE ENERO REINA', '100.00', 1, 10, 2, 1),
(55, '2019-01-19 00:00:00', '2019-01-19 00:00:00', '1', 'PAGO WILSON PUMA ', '500.00', 1, 11, 2, 1),
(56, '2019-01-19 00:00:00', '2019-01-19 00:00:00', '1', 'ANTICIPO DIEGO MES ENERO', '100.00', 1, 4, 2, 1),
(57, '2019-01-21 00:00:00', '2019-01-21 00:00:00', '1', 'COMPRA DE TELA PICADA', '858.00', 1, 6, 2, 2),
(58, '2019-01-21 00:00:00', '2019-01-21 00:00:00', '1', 'COMPRA DE DISCO PARA MOLEDORA ', '28.00', 1, 8, 2, 2),
(59, '2019-01-21 00:00:00', '2019-01-21 00:00:00', '1', 'COMPRA DE ROLLO TELA POPELINA', '460.00', 1, 6, 2, 1),
(60, '2019-01-21 00:00:00', '2019-01-21 00:00:00', '1', 'PAGO SEÑOR JUAN CARLOS VARGAS POR TRABAJO DE ALBAÑILERIA, TOTAL A PAGAR BS 700 , SALDO A PAGAR BS 400', '300.00', 0, 19, 2, 2),
(61, '2019-01-21 00:00:00', '2019-01-21 00:00:00', '1', 'PAGO AL SR. JUAN CARLOS VARGAS POR ALBAÑERIA, TOTAL BS 700, SALDO BS 400', '300.00', 1, 19, 2, 2),
(62, '2019-01-21 00:00:00', '2019-01-21 00:00:00', '1', 'COMPRA DE 1 BOLSA DE CEMENTO Y 2 ARENAS ', '62.00', 1, 8, 2, 2),
(63, '2019-01-21 00:00:00', '2019-01-21 00:00:00', '1', 'PAGO POR CARPINTERIA, SR. REMBERTO', '1400.00', 1, 20, 2, 2),
(64, '2019-01-21 00:00:00', '2019-01-21 00:00:00', '1', 'ANTICIPO DE LEONEL BS 100 DEL MES ENERO', '100.00', 1, 4, 2, 2),
(65, '2019-01-23 00:00:00', '2019-01-23 00:00:00', '1', 'TOTAL 2400, ANTICIPO 1400, FABRICACIÓN DE 6 PUFF', '1400.00', 1, 13, 2, 2),
(66, '2019-01-23 00:00:00', '2019-01-23 00:00:00', '1', 'HONORARIOS SEMANA DEL 14 AL 18 DE ENERO, LICENCIADO LUIS OLIVARES', '400.00', 1, 10, 2, 2),
(67, '2019-01-23 00:00:00', '2019-01-23 00:00:00', '1', 'DEVOLUCION DE 18 COLCHONES A 455 BS NELSON SANABRIA', '8190.00', 1, 21, 2, 1),
(68, '2019-01-23 00:00:00', '2019-01-23 00:00:00', '1', 'ANTICIPO A MARCO POR 100 BS DEL MES DE ENERO', '100.00', 1, 4, 2, 1),
(69, '2019-01-23 00:00:00', '2019-01-23 00:00:00', '1', 'ANTICIPO A DIEGO DE BS 100 DEL MES DE ENERO', '100.00', 1, 4, 2, 1),
(70, '2019-01-23 00:00:00', '2019-01-23 00:00:00', '1', '', '50.00', 1, 23, 2, 1),
(71, '2019-01-23 00:00:00', '2019-01-23 00:00:00', '2', 'COMPRA DE TELA VALENTIN', '1550.00', 1, 8, 2, 1),
(72, '2019-01-24 00:00:00', '2019-01-24 00:00:00', '1', '1.50 BS (UNIDAD) COMPRA DE CARTON PARA ESQUINERO', '60.00', 1, 6, 2, 2),
(73, '2019-01-24 00:00:00', '2019-01-24 00:00:00', '1', 'COMPRA DE HILO ESCOBERO (ROJO)', '63.00', 1, 6, 2, 2),
(74, '2019-01-24 00:00:00', '2019-01-24 00:00:00', '1', 'COMPRA DE TORNILLO FIXER BS 276 Y PIE PIRAMIDE TABACO CENAL GAMPLAST BS 65', '341.00', 1, 6, 2, 2),
(75, '2019-01-24 00:00:00', '2019-01-24 00:00:00', '1', 'ANTICIPO A HERLAND DE 500 BS, SALIDO DE CAJA CHICA BS 400 Y 100', '500.00', 1, 4, 2, 2),
(76, '2019-01-24 00:00:00', '2019-01-24 00:00:00', '1', 'PAGO POR ALBAÑILERIA A JUAN CARLOS', '150.00', 1, 19, 2, 2),
(77, '2019-01-24 00:00:00', '2019-01-24 00:00:00', '2', 'COMPRA DE UN SOFA PARA LA VENTA, SE PAGA CON TARJETA', '2900.00', 1, 24, 2, 1),
(78, '2019-01-24 00:00:00', '2019-01-24 00:00:00', '1', 'PAGO A WILA POR PUERTA DE GRANERO', '400.00', 1, 3, 2, 1),
(79, '2019-01-24 00:00:00', '2019-01-24 00:00:00', '1', 'COMPRA DE CLEFA', '800.00', 1, 12, 2, 1),
(80, '2019-01-24 00:00:00', '2019-01-23 00:00:00', '1', 'COMPRA DE TELA GALLETA', '600.00', 1, 6, 2, 1),
(81, '2019-01-24 00:00:00', '2019-01-23 00:00:00', '1', 'PAGO A BORIS POR 6 PUFF', '1400.00', 0, 13, 2, 1),
(82, '2019-01-24 00:00:00', '2019-01-23 00:00:00', '1', 'COMPRA DE STUFF Y MATERIAL PARA BARNIZAR', '186.00', 1, 6, 2, 1),
(83, '2019-01-24 00:00:00', '2019-01-23 00:00:00', '1', '', '50.00', 1, 23, 2, 1),
(84, '2019-01-24 00:00:00', '2019-01-23 00:00:00', '1', 'COMPRA DE VENESTAS PARA SOMMIER', '300.00', 1, 6, 2, 1),
(85, '2019-01-24 00:00:00', '2019-01-23 00:00:00', '1', 'COMPRA DE ESCRITORIO PARA LA VENTA', '1900.00', 1, 24, 2, 1),
(86, '2019-01-24 00:00:00', '2019-01-23 00:00:00', '1', 'COMPRA DE SABANAS', '2300.00', 1, 25, 2, 1),
(87, '2019-01-24 00:00:00', '2019-01-24 00:00:00', '2', '', '6540.00', 1, 9, 2, 1),
(88, '2019-01-24 00:00:00', '2019-01-24 00:00:00', '2', 'ABONO A CUENTA MAXIKING', '17000.00', 1, 9, 2, 1),
(89, '2019-01-24 00:00:00', '2019-01-24 00:00:00', '2', 'PAGO DE SEGURO JAVIER, LA VITALICIA', '1395.00', 1, 26, 2, 1),
(90, '2019-01-24 00:00:00', '2019-01-24 00:00:00', '1', 'PAGO DE SEGUROS PERSONAL DICARP', '2234.00', 1, 26, 2, 1),
(91, '2019-01-24 00:00:00', '2019-01-24 00:00:00', '1', 'ANTICIPO A MARCO ', '100.00', 1, 4, 2, 1),
(92, '2019-01-24 00:00:00', '2019-01-24 00:00:00', '1', 'ANTICIPO A MARCOS', '100.00', 1, 4, 2, 1),
(93, '2019-01-24 00:00:00', '2019-01-24 00:00:00', '1', 'SE PAGA SALARIO A DIEGO 1035 BS DEL 20 DE DIC AL 20 DE ENERO, Y HRS EXTRAS HASTA EL 19 DE ENERO 313.17', '1348.00', 1, 10, 2, 1),
(94, '2019-01-24 00:00:00', '2019-01-24 00:00:00', '1', 'PAGO NESTOR POR TRANSPORTE DE TELAS DESDE MK', '130.00', 1, 2, 2, 1),
(95, '2019-01-24 00:00:00', '2019-01-24 00:00:00', '1', 'PAGO WILSON PUMA', '380.00', 1, 11, 2, 1),
(96, '2019-01-25 00:00:00', '2019-01-25 00:00:00', '1', 'ANTICIPO A CRIS POR BS 300 DEL MES DE ENERO', '300.00', 1, 4, 2, 2),
(97, '2019-01-25 00:00:00', '2019-01-25 00:00:00', '1', '', '50.00', 1, 23, 2, 2),
(98, '2019-01-26 00:00:00', '2019-01-26 00:00:00', '1', 'COMPRA DE GRAMPA MEDIA LUNA', '670.00', 1, 8, 2, 2),
(99, '2019-01-26 00:00:00', '2019-01-26 00:00:00', '1', 'PAGO A REINA DEL 21 AL 26 DE ENERO', '300.00', 1, 10, 2, 2),
(100, '2019-01-26 00:00:00', '2019-01-26 00:00:00', '1', 'ANTICIPO A HERLAND', '100.00', 1, 4, 2, 2),
(101, '2019-01-28 00:00:00', '2019-01-28 00:00:00', '1', 'EL DIA 26/01/2019 A HORAS 17:36 FUERA DEL HORARIO LABORAL', '50.00', 1, 23, 2, 2);

-- --------------------------------------------------------

--
-- Estructura de tabla para la tabla `egreso_compra`
--

CREATE TABLE IF NOT EXISTS `egreso_compra` (
  `compra_id` bigint(20) NOT NULL,
  `egreso_id` bigint(20) NOT NULL
) ENGINE=InnoDB DEFAULT CHARSET=latin1;

-- --------------------------------------------------------

--
-- Estructura de tabla para la tabla `forma_pago`
--

CREATE TABLE IF NOT EXISTS `forma_pago` (
`id` bigint(20) NOT NULL,
  `descripcion` text,
  `estado` smallint(6) DEFAULT NULL
) ENGINE=InnoDB DEFAULT CHARSET=latin1;

-- --------------------------------------------------------

--
-- Estructura de tabla para la tabla `ingreso_caja`
--

CREATE TABLE IF NOT EXISTS `ingreso_caja` (
`id` bigint(20) NOT NULL,
  `fecha_ingreso` datetime DEFAULT NULL,
  `detalle` text,
  `monto` decimal(20,2) DEFAULT NULL,
  `estado` smallint(6) DEFAULT NULL,
  `tipo_ingreso_id` bigint(20) DEFAULT NULL,
  `sucursal_id` bigint(20) DEFAULT NULL,
  `usuario_id` bigint(20) DEFAULT NULL,
  `fecha_registro` datetime DEFAULT NULL
) ENGINE=InnoDB AUTO_INCREMENT=161 DEFAULT CHARSET=latin1;

--
-- Volcado de datos para la tabla `ingreso_caja`
--

INSERT INTO `ingreso_caja` (`id`, `fecha_ingreso`, `detalle`, `monto`, `estado`, `tipo_ingreso_id`, `sucursal_id`, `usuario_id`, `fecha_registro`) VALUES
(1, '2018-12-07 00:00:00', 'Ingreso por venta generado automaticamente', '2070.00', 1, 3, 2, 1, '2018-12-07 00:00:00'),
(2, '2018-12-08 00:00:00', 'Ingreso por venta generado automaticamente', '0.00', 2, 3, 2, 1, '2018-12-08 00:00:00'),
(3, '2018-12-08 00:00:00', 'Ingreso por venta generado automaticamente', '300.00', 1, 3, 2, 1, '2018-12-08 00:00:00'),
(4, '2018-12-10 00:00:00', 'Ingreso por venta generado automaticamente', '500.00', 1, 3, 2, 1, '2018-12-10 00:00:00'),
(5, '2018-12-13 00:00:00', 'Ingreso por venta generado automaticamente', '7000.00', 1, 3, 2, 1, '2018-12-13 00:00:00'),
(6, '2018-12-18 00:00:00', 'Ingreso por venta generado automaticamente', '1550.00', 1, 3, 2, 1, '2018-12-18 00:00:00'),
(7, '2018-12-18 00:00:00', 'Ingreso por venta generado automaticamente', '0.00', 1, 3, 2, 1, '2018-12-18 00:00:00'),
(8, '2018-12-18 00:00:00', 'Ingreso por venta generado automaticamente', '600.00', 1, 3, 2, 1, '2018-12-18 00:00:00'),
(9, '2018-12-19 00:00:00', 'Ingreso por pago de deuda', '1380.00', 1, 5, 2, 1, '2018-12-19 00:00:00'),
(10, '2018-12-20 00:00:00', 'Ingreso por venta generado automaticamente', '500.00', 1, 3, 2, 1, '2018-12-20 00:00:00'),
(11, '2018-12-21 00:00:00', 'Ingreso por venta generado automaticamente', '2000.00', 1, 3, 2, 1, '2018-12-21 00:00:00'),
(12, '2018-12-22 00:00:00', 'Ingreso por venta generado automaticamente', '2000.00', 1, 3, 2, 1, '2018-12-22 00:00:00'),
(13, '2018-12-22 00:00:00', 'Ingreso por venta generado automaticamente', '1900.00', 2, 3, 2, 1, '2018-12-22 00:00:00'),
(14, '2018-12-22 00:00:00', 'Ingreso por venta generado automaticamente', '1900.00', 2, 3, 2, 1, '2018-12-22 00:00:00'),
(15, '2018-12-22 00:00:00', 'Ingreso por venta generado automaticamente', '1900.00', 1, 3, 2, 1, '2018-12-22 00:00:00'),
(16, '2018-12-22 00:00:00', 'Ingreso por venta generado automaticamente', '1900.00', 1, 3, 2, 1, '2018-12-22 00:00:00'),
(17, '2018-12-22 00:00:00', 'Ingreso por pago de deuda', '200.00', 1, 5, 2, 1, '2018-12-22 00:00:00'),
(18, '2018-12-22 00:00:00', 'Ingreso por pago de deuda', '200.00', 1, 5, 2, 1, '2018-12-22 00:00:00'),
(19, '2018-12-24 00:00:00', 'Ingreso por pago de deuda', '100.00', 1, 5, 2, 2, '2018-12-24 00:00:00'),
(20, '2018-12-24 00:00:00', 'Ingreso por venta generado automaticamente', '1900.00', 1, 3, 2, 2, '2018-12-24 00:00:00'),
(21, '2018-12-24 00:00:00', 'Ingreso por venta generado automaticamente', '1900.00', 1, 3, 2, 2, '2018-12-24 00:00:00'),
(22, '2018-12-24 00:00:00', 'Ingreso por venta generado automaticamente', '0.00', 1, 3, 2, 2, '2018-12-24 00:00:00'),
(23, '2018-12-25 00:00:00', 'Ingreso por venta generado automaticamente', '2230.00', 1, 3, 2, 1, '2018-12-25 00:00:00'),
(24, '2018-12-27 00:00:00', 'Ingreso por venta generado automaticamente', '400.00', 1, 3, 2, 2, '2018-12-27 00:00:00'),
(25, '2018-12-27 00:00:00', 'Ingreso por venta generado automaticamente', '400.00', 1, 3, 2, 2, '2018-12-27 00:00:00'),
(26, '2018-12-27 00:00:00', 'Ingreso por venta generado automaticamente', '0.00', 1, 3, 2, 2, '2018-12-27 00:00:00'),
(27, '2018-12-28 00:00:00', 'Ingreso por venta generado automaticamente', '1900.00', 1, 3, 2, 2, '2018-12-28 00:00:00'),
(28, '2018-12-28 00:00:00', 'Ingreso por venta generado automaticamente', '1900.00', 2, 3, 2, 2, '2018-12-28 00:00:00'),
(29, '2018-12-28 00:00:00', 'Ingreso por venta generado automaticamente', '1250.00', 1, 3, 2, 2, '2018-12-28 00:00:00'),
(30, '2018-12-28 00:00:00', 'Ingreso por venta generado automaticamente', '1900.00', 1, 3, 2, 2, '2018-12-28 00:00:00'),
(31, '2018-12-29 00:00:00', 'Ingreso por venta generado automaticamente', '1250.00', 1, 3, 2, 2, '2018-12-29 00:00:00'),
(32, '2018-12-29 00:00:00', 'Ingreso por venta generado automaticamente', '0.00', 1, 3, 2, 2, '2018-12-29 00:00:00'),
(33, '2018-12-29 00:00:00', 'Ingreso por venta generado automaticamente', '1100.00', 1, 3, 2, 2, '2018-12-29 00:00:00'),
(34, '2018-12-29 00:00:00', 'Ingreso por venta generado automaticamente', '450.00', 1, 3, 2, 2, '2018-12-29 00:00:00'),
(35, '2018-12-29 00:00:00', 'Ingreso por venta generado automaticamente', '1250.00', 2, 3, 2, 2, '2018-12-29 00:00:00'),
(36, '2018-12-29 00:00:00', 'Ingreso por venta generado automaticamente', '2500.00', 1, 3, 2, 2, '2018-12-29 00:00:00'),
(37, '2018-12-29 00:00:00', 'Ingreso por venta generado automaticamente', '1250.00', 2, 3, 2, 2, '2018-12-29 00:00:00'),
(38, '2018-12-29 00:00:00', 'Ingreso por venta generado automaticamente', '2500.00', 1, 3, 2, 2, '2018-12-29 00:00:00'),
(39, '2019-01-02 00:00:00', 'Ingreso por venta generado automaticamente', '1250.00', 1, 3, 2, 2, '2019-01-02 00:00:00'),
(40, '2019-01-03 00:00:00', 'Ingreso por venta generado automaticamente', '2050.00', 1, 3, 2, 2, '2019-01-03 00:00:00'),
(41, '2019-01-03 00:00:00', 'Ingreso por venta generado automaticamente', '80.00', 1, 3, 2, 2, '2019-01-03 00:00:00'),
(42, '2019-01-03 00:00:00', 'Ingreso por venta generado automaticamente', '1250.00', 1, 3, 2, 2, '2019-01-03 00:00:00'),
(43, '2019-01-03 00:00:00', 'Ingreso por venta generado automaticamente', '1628.00', 1, 3, 2, 2, '2019-01-03 00:00:00'),
(44, '2019-01-03 00:00:00', 'Ingreso por venta generado automaticamente', '200.00', 1, 3, 2, 2, '2019-01-03 00:00:00'),
(45, '2019-01-03 00:00:00', 'Ingreso por venta generado automaticamente', '200.00', 1, 3, 2, 2, '2019-01-03 00:00:00'),
(46, '2019-01-04 00:00:00', 'Ingreso por venta generado automaticamente', '25000.00', 2, 3, 2, 1, '2019-01-04 00:00:00'),
(47, '2019-01-04 00:00:00', 'Ingreso por venta generado automaticamente', '0.00', 2, 3, 2, 1, '2019-01-04 00:00:00'),
(48, '2019-01-04 00:00:00', 'Ingreso por venta generado automaticamente', '30000.00', 2, 3, 2, 1, '2019-01-04 00:00:00'),
(49, '2019-01-04 00:00:00', 'Ingreso por venta generado automaticamente', '20000.00', 2, 3, 2, 1, '2019-01-04 00:00:00'),
(50, '2019-01-04 00:00:00', 'Ingreso por venta generado automaticamente', '0.00', 2, 3, 2, 1, '2019-01-04 00:00:00'),
(51, '2019-01-04 00:00:00', 'Ingreso por venta generado automaticamente', '200000.00', 2, 3, 2, 1, '2019-01-04 00:00:00'),
(52, '2019-01-04 00:00:00', 'Ingreso por venta generado automaticamente', '17500.00', 2, 3, 2, 1, '2019-01-04 00:00:00'),
(53, '2019-01-04 00:00:00', 'Ingreso por venta generado automaticamente', '0.00', 2, 3, 2, 1, '2019-01-04 00:00:00'),
(54, '2019-01-05 00:00:00', 'Ingreso por venta generado automaticamente', '13842.00', 1, 3, 2, 1, '2019-01-05 00:00:00'),
(55, '2019-01-05 00:00:00', 'Ingreso por venta generado automaticamente', '0.00', 1, 3, 2, 1, '2019-01-05 00:00:00'),
(56, '2019-01-05 00:00:00', 'Ingreso por venta generado automaticamente', '2000.00', 1, 3, 2, 1, '2019-01-05 00:00:00'),
(57, '2019-01-05 00:00:00', 'Ingreso por venta generado automaticamente', '0.00', 1, 3, 2, 1, '2019-01-05 00:00:00'),
(58, '2019-01-05 00:00:00', 'Ingreso por venta generado automaticamente', '2140.00', 1, 3, 2, 1, '2019-01-05 00:00:00'),
(59, '2019-01-07 00:00:00', 'Ingreso por venta generado automaticamente', '1250.00', 1, 3, 2, 2, '2019-01-07 00:00:00'),
(60, '2019-01-07 00:00:00', 'Ingreso por venta generado automaticamente', '0.00', 1, 3, 2, 1, '2019-01-07 00:00:00'),
(61, '2019-01-07 00:00:00', 'Ingreso por venta generado automaticamente', '3000.00', 1, 3, 2, 1, '2019-01-07 00:00:00'),
(62, '2019-01-09 00:00:00', 'Ingreso por venta generado automaticamente', '1200.00', 1, 3, 2, 2, '2019-01-09 00:00:00'),
(63, '2019-01-09 00:00:00', 'Ingreso por venta generado automaticamente', '150.00', 1, 3, 2, 2, '2019-01-09 00:00:00'),
(64, '2019-01-09 00:00:00', 'Ingreso por venta generado automaticamente', '100.00', 1, 3, 2, 2, '2019-01-09 00:00:00'),
(65, '2019-01-09 00:00:00', 'Ingreso por venta generado automaticamente', '1200.00', 1, 3, 2, 2, '2019-01-09 00:00:00'),
(66, '2019-01-09 00:00:00', 'Ingreso por venta generado automaticamente', '150.00', 1, 3, 2, 2, '2019-01-09 00:00:00'),
(67, '2019-01-09 00:00:00', 'Ingreso por venta generado automaticamente', '1200.00', 1, 3, 2, 2, '2019-01-09 00:00:00'),
(68, '2019-01-09 00:00:00', 'Ingreso por venta generado automaticamente', '1200.00', 1, 3, 2, 2, '2019-01-09 00:00:00'),
(69, '2019-01-09 00:00:00', 'Ingreso por venta generado automaticamente', '1000.00', 2, 3, 2, 2, '2019-01-09 00:00:00'),
(70, '2019-01-09 00:00:00', 'Ingreso por venta generado automaticamente', '200.00', 1, 3, 2, 2, '2019-01-09 00:00:00'),
(71, '2019-01-09 00:00:00', 'Ingreso por pago de deuda', '1000.00', 1, 5, 2, 2, '2019-01-09 00:00:00'),
(72, '2019-01-09 00:00:00', 'Ingreso por venta generado automaticamente', '18000.00', 2, 3, 2, 1, '2019-01-09 00:00:00'),
(73, '2019-01-09 00:00:00', 'Ingreso por venta generado automaticamente', '13400.00', 1, 3, 2, 1, '2019-01-09 00:00:00'),
(74, '2019-01-09 00:00:00', 'Ingreso por venta generado automaticamente', '0.00', 1, 3, 2, 1, '2019-01-09 00:00:00'),
(75, '2019-01-09 00:00:00', 'Ingreso por venta generado automaticamente', '0.00', 1, 3, 2, 1, '2019-01-09 00:00:00'),
(76, '2019-01-09 00:00:00', 'Ingreso por pago de deuda', '3000.00', 1, 5, 2, 1, '2019-01-09 00:00:00'),
(77, '2019-01-09 00:00:00', 'Ingreso por venta generado automaticamente', '0.00', 1, 3, 2, 1, '2019-01-09 00:00:00'),
(78, '2019-01-10 00:00:00', 'Ingreso por venta generado automaticamente', '0.00', 2, 3, 2, 1, '2019-01-10 00:00:00'),
(79, '2019-01-10 00:00:00', 'Ingreso por venta generado automaticamente', '0.00', 1, 3, 2, 1, '2019-01-10 00:00:00'),
(80, '2019-01-10 00:00:00', 'Ingreso por venta generado automaticamente', '0.00', 2, 3, 2, 1, '2019-01-10 00:00:00'),
(81, '2019-01-10 00:00:00', 'Ingreso por venta generado automaticamente', '1200.00', 1, 3, 2, 1, '2019-01-10 00:00:00'),
(82, '2019-01-10 00:00:00', 'Ingreso por venta generado automaticamente', '690.00', 1, 3, 2, 2, '2019-01-10 00:00:00'),
(83, '2019-01-10 00:00:00', 'Ingreso por venta generado automaticamente', '510.00', 1, 3, 2, 1, '2019-01-10 00:00:00'),
(84, '2019-01-10 00:00:00', 'Ingreso por venta generado automaticamente', '300.00', 2, 3, 2, 1, '2019-01-10 00:00:00'),
(85, '2019-01-10 00:00:00', 'Ingreso por venta generado automaticamente', '400.00', 2, 3, 2, 1, '2019-01-10 00:00:00'),
(86, '2019-01-10 00:00:00', 'Ingreso por venta generado automaticamente', '200.00', 1, 3, 2, 1, '2019-01-10 00:00:00'),
(87, '2019-01-11 00:00:00', 'Ingreso por pago de deuda', '690.00', 1, 5, 2, 2, '2019-01-11 00:00:00'),
(88, '2019-01-11 00:00:00', 'Ingreso por venta generado automaticamente', '0.00', 1, 3, 2, 2, '2019-01-11 00:00:00'),
(89, '2019-01-11 00:00:00', 'Ingreso por venta generado automaticamente', '1350.00', 1, 3, 2, 2, '2019-01-11 00:00:00'),
(90, '2019-01-11 00:00:00', 'Ingreso por venta generado automaticamente', '0.00', 1, 3, 2, 2, '2019-01-11 00:00:00'),
(91, '2019-01-12 00:00:00', 'Ingreso por venta generado automaticamente', '0.00', 1, 3, 2, 1, '2019-01-12 00:00:00'),
(92, '2019-01-12 00:00:00', 'Ingreso por venta generado automaticamente', '800.00', 1, 3, 2, 1, '2019-01-12 00:00:00'),
(93, '2019-01-12 00:00:00', 'Ingreso por venta generado automaticamente', '1200.00', 1, 3, 2, 2, '2019-01-12 00:00:00'),
(94, '2019-01-12 00:00:00', 'Ingreso por venta generado automaticamente', '806.00', 2, 3, 2, 2, '2019-01-12 00:00:00'),
(95, '2019-01-12 00:00:00', 'Ingreso por venta generado automaticamente', '1200.00', 1, 3, 2, 2, '2019-01-12 00:00:00'),
(96, '2019-01-12 00:00:00', 'Ingreso por venta generado automaticamente', '1200.00', 1, 3, 2, 2, '2019-01-12 00:00:00'),
(97, '2019-01-14 00:00:00', 'Ingreso por venta generado automaticamente', '1200.00', 1, 3, 2, 2, '2019-01-14 00:00:00'),
(98, '2019-01-14 00:00:00', 'Ingreso por venta generado automaticamente', '15000.00', 1, 3, 2, 2, '2019-01-14 00:00:00'),
(99, '2019-01-14 00:00:00', 'Ingreso por venta generado automaticamente', '1800.00', 1, 3, 2, 1, '2019-01-14 00:00:00'),
(100, '2019-01-14 00:00:00', 'Ingreso por pago de deuda', '4000.00', 1, 5, 2, 2, '2019-01-14 00:00:00'),
(101, '2019-01-14 00:00:00', 'Ingreso por pago de deuda', '38500.00', 1, 5, 2, 2, '2019-01-14 00:00:00'),
(102, '2019-01-14 00:00:00', 'Ingreso por venta generado automaticamente', '0.00', 1, 3, 2, 2, '2019-01-14 00:00:00'),
(103, '2019-01-14 00:00:00', 'Ingreso por venta generado automaticamente', '500.00', 1, 3, 2, 1, '2019-01-14 00:00:00'),
(104, '2019-01-15 00:00:00', 'Ingreso por venta generado automaticamente', '1000.00', 1, 3, 2, 2, '2019-01-15 00:00:00'),
(105, '2019-01-15 00:00:00', 'Ingreso por venta generado automaticamente', '1000.00', 1, 3, 2, 1, '2019-01-15 00:00:00'),
(106, '2019-01-15 00:00:00', 'Ingreso por venta generado automaticamente', '700.00', 1, 3, 2, 1, '2019-01-15 00:00:00'),
(107, '2019-01-15 00:00:00', 'Ingreso por venta generado automaticamente', '4000.00', 1, 3, 2, 2, '2019-01-15 00:00:00'),
(108, '2019-01-15 00:00:00', 'Ingreso por venta generado automaticamente', '200.00', 1, 3, 2, 1, '2019-01-15 00:00:00'),
(109, '2019-01-15 00:00:00', 'Ingreso por venta generado automaticamente', '10700.00', 1, 3, 2, 1, '2019-01-15 00:00:00'),
(110, '2019-01-15 00:00:00', 'Ingreso por venta generado automaticamente', '700.00', 1, 3, 2, 1, '2019-01-15 00:00:00'),
(111, '2019-01-15 00:00:00', 'Ingreso por pago de deuda', '250.00', 1, 5, 2, 1, '2019-01-15 00:00:00'),
(112, '2019-01-16 00:00:00', 'Ingreso por pago de deuda', '500.00', 1, 5, 2, 1, '2019-01-16 00:00:00'),
(113, '2019-01-16 00:00:00', 'Ingreso por venta generado automaticamente', '1500.00', 1, 3, 2, 1, '2019-01-16 00:00:00'),
(114, '2019-01-17 00:00:00', 'Ingreso por venta generado automaticamente', '3050.00', 1, 3, 2, 2, '2019-01-17 00:00:00'),
(115, '2019-01-17 00:00:00', 'Ingreso por venta generado automaticamente', '900.00', 1, 3, 2, 2, '2019-01-17 00:00:00'),
(116, '2019-01-17 00:00:00', 'Ingreso por venta generado automaticamente', '20750.00', 1, 3, 2, 1, '2019-01-17 00:00:00'),
(117, '2019-01-17 00:00:00', 'Ingreso por venta generado automaticamente', '0.00', 1, 3, 2, 1, '2019-01-17 00:00:00'),
(118, '2019-01-17 00:00:00', 'Ingreso por venta generado automaticamente', '0.00', 1, 3, 2, 1, '2019-01-17 00:00:00'),
(119, '2019-01-17 00:00:00', 'Ingreso por venta generado automaticamente', '0.00', 1, 3, 2, 1, '2019-01-17 00:00:00'),
(120, '2019-01-17 00:00:00', 'Ingreso por venta generado automaticamente', '0.00', 1, 3, 2, 1, '2019-01-17 00:00:00'),
(121, '2019-01-17 00:00:00', 'Ingreso por pago de deuda', '500.00', 1, 5, 2, 1, '2019-01-17 00:00:00'),
(122, '2019-01-18 00:00:00', 'Ingreso por venta generado automaticamente', '0.00', 1, 3, 2, 2, '2019-01-18 00:00:00'),
(123, '2019-01-19 00:00:00', 'Ingreso por venta generado automaticamente', '2500.00', 1, 3, 2, 2, '2019-01-19 00:00:00'),
(124, '2019-01-21 00:00:00', 'Ingreso por venta generado automaticamente', '210.00', 2, 3, 2, 2, '2019-01-21 00:00:00'),
(125, '2019-01-21 00:00:00', 'Ingreso por pago de deuda', '210.00', 1, 5, 2, 2, '2019-01-21 00:00:00'),
(126, '2019-01-21 00:00:00', 'Ingreso por venta generado automaticamente', '0.00', 1, 3, 2, 2, '2019-01-21 00:00:00'),
(127, '2019-01-21 00:00:00', 'Ingreso por venta generado automaticamente', '0.00', 1, 3, 2, 2, '2019-01-21 00:00:00'),
(128, '2019-01-21 00:00:00', 'Ingreso por venta generado automaticamente', '3000.00', 1, 3, 2, 1, '2019-01-21 00:00:00'),
(129, '2019-01-21 00:00:00', 'Ingreso por venta generado automaticamente', '5000.00', 2, 3, 2, 1, '2019-01-21 00:00:00'),
(130, '2019-01-21 00:00:00', 'Ingreso por venta generado automaticamente', '6130.00', 2, 3, 2, 1, '2019-01-21 00:00:00'),
(131, '2019-01-21 00:00:00', 'Ingreso por venta generado automaticamente', '3500.00', 2, 3, 2, 1, '2019-01-21 00:00:00'),
(132, '2019-01-21 00:00:00', 'Ingreso por venta generado automaticamente', '5000.00', 1, 3, 2, 1, '2019-01-21 00:00:00'),
(133, '2019-01-21 00:00:00', 'Ingreso por venta generado automaticamente', '6130.00', 1, 3, 2, 1, '2019-01-21 00:00:00'),
(134, '2019-01-23 00:00:00', 'Ingreso por venta generado automaticamente', '14550.00', 1, 3, 2, 1, '2019-01-23 00:00:00'),
(135, '2019-01-23 00:00:00', 'Ingreso por venta generado automaticamente', '0.00', 1, 3, 2, 1, '2019-01-23 00:00:00'),
(136, '2019-01-23 00:00:00', 'Ingreso por venta generado automaticamente', '0.00', 1, 3, 2, 1, '2019-01-23 00:00:00'),
(137, '2019-01-23 00:00:00', 'Ingreso por venta generado automaticamente', '8190.00', 1, 3, 2, 1, '2019-01-23 00:00:00'),
(138, '2019-01-24 00:00:00', 'Ingreso por venta generado automaticamente', '0.00', 1, 3, 2, 2, '2019-01-24 00:00:00'),
(139, '2019-01-24 00:00:00', 'Ingreso por venta generado automaticamente', '7000.00', 1, 3, 2, 1, '2019-01-24 00:00:00'),
(140, '2019-01-24 00:00:00', 'Ingreso por venta generado automaticamente', '12500.00', 1, 3, 2, 1, '2019-01-24 00:00:00'),
(141, '2019-01-24 00:00:00', 'Ingreso por venta generado automaticamente', '13150.00', 1, 3, 2, 1, '2019-01-24 00:00:00'),
(142, '2019-01-24 00:00:00', 'Ingreso por venta generado automaticamente', '3000.00', 1, 3, 2, 1, '2019-01-24 00:00:00'),
(143, '2019-01-26 00:00:00', 'Ingreso por venta generado automaticamente', '1500.00', 1, 3, 2, 2, '2019-01-26 00:00:00'),
(144, '2019-01-26 00:00:00', 'Ingreso por venta generado automaticamente', '300.00', 1, 3, 2, 2, '2019-01-26 00:00:00'),
(145, '2019-01-26 00:00:00', 'Ingreso por venta generado automaticamente', '300.00', 1, 3, 2, 2, '2019-01-26 00:00:00'),
(146, '2019-01-26 00:00:00', 'Ingreso por venta generado automaticamente', '0.00', 1, 3, 2, 2, '2019-01-26 00:00:00'),
(147, '2019-01-28 00:00:00', 'Ingreso por venta generado automaticamente', '0.00', 1, 3, 2, 1, '2019-01-28 00:00:00'),
(148, '2019-01-28 00:00:00', 'Ingreso por venta generado automaticamente', '0.00', 1, 3, 2, 1, '2019-01-28 00:00:00'),
(149, '2019-01-28 00:00:00', 'Ingreso por venta generado automaticamente', '0.00', 1, 3, 2, 1, '2019-01-28 00:00:00'),
(150, '2019-01-28 00:00:00', 'Ingreso por venta generado automaticamente', '0.00', 1, 3, 2, 1, '2019-01-28 00:00:00'),
(151, '2019-01-28 00:00:00', 'Ingreso por venta generado automaticamente', '0.00', 1, 3, 2, 1, '2019-01-28 00:00:00'),
(152, '2019-01-28 00:00:00', 'Ingreso por venta generado automaticamente', '0.00', 1, 3, 2, 1, '2019-01-28 00:00:00'),
(153, '2019-01-28 00:00:00', 'Ingreso por venta generado automaticamente', '0.00', 1, 3, 2, 1, '2019-01-28 00:00:00'),
(154, '2019-01-28 00:00:00', 'Ingreso por venta generado automaticamente', '0.00', 1, 3, 2, 1, '2019-01-28 00:00:00'),
(155, '2019-01-28 00:00:00', 'Ingreso por venta generado automaticamente', '0.00', 1, 3, 2, 1, '2019-01-28 00:00:00'),
(156, '2019-01-28 00:00:00', 'Ingreso por venta generado automaticamente', '0.00', 1, 3, 2, 1, '2019-01-28 00:00:00'),
(157, '2019-01-28 00:00:00', 'Ingreso por venta generado automaticamente', '0.00', 1, 3, 2, 1, '2019-01-28 00:00:00'),
(158, '2019-01-28 00:00:00', 'Ingreso por venta generado automaticamente', '0.00', 1, 3, 2, 1, '2019-01-28 00:00:00'),
(159, '2019-01-28 00:00:00', 'Ingreso por venta generado automaticamente', '0.00', 1, 3, 2, 1, '2019-01-28 00:00:00'),
(160, '2019-01-28 00:00:00', 'Ingreso por venta generado automaticamente', '0.00', 1, 3, 2, 1, '2019-01-28 00:00:00');

-- --------------------------------------------------------

--
-- Estructura de tabla para la tabla `ingreso_inventario`
--

CREATE TABLE IF NOT EXISTS `ingreso_inventario` (
`id` bigint(20) NOT NULL,
  `fecha_ingreso` datetime DEFAULT NULL,
  `observacion` text,
  `estado_producto` smallint(6) NOT NULL,
  `estado` smallint(6) DEFAULT NULL,
  `forma_ingreso` text,
  `almacen_id` bigint(20) DEFAULT NULL,
  `usuario_id` bigint(20) DEFAULT NULL,
  `sucursal_id` bigint(20) DEFAULT NULL,
  `fecha_registro` datetime DEFAULT NULL
) ENGINE=InnoDB AUTO_INCREMENT=96 DEFAULT CHARSET=latin1;

--
-- Volcado de datos para la tabla `ingreso_inventario`
--

INSERT INTO `ingreso_inventario` (`id`, `fecha_ingreso`, `observacion`, `estado_producto`, `estado`, `forma_ingreso`, `almacen_id`, `usuario_id`, `sucursal_id`, `fecha_registro`) VALUES
(1, '2018-12-07 00:00:00', '', 1, 1, 'Ingreso de producto', 2, 1, 2, '2018-12-07 19:10:15'),
(2, '2018-12-07 00:00:00', '', 1, 1, 'Ingreso de producto', 2, 1, 2, '2018-12-07 19:13:27'),
(4, '2018-12-08 00:00:00', '', 2, 1, 'Ingreso de producto', 2, 1, 2, '2018-12-08 14:00:15'),
(5, '2018-12-10 00:00:00', '', 1, 1, 'Ingreso de producto', 2, 1, 2, '2018-12-10 11:56:59'),
(6, '2018-12-13 00:00:00', '', 1, 1, 'Ingreso de producto', 2, 1, 2, '2018-12-13 15:45:42'),
(7, '2018-12-13 00:00:00', '', 1, 1, 'Ingreso de producto', 2, 1, 2, '2018-12-13 17:36:40'),
(8, '2018-12-18 00:00:00', '', 1, 1, 'Ingreso de producto', 2, 1, 2, '2018-12-18 10:34:42'),
(9, '2018-12-18 00:00:00', '', 1, 1, 'Ingreso de producto', 2, 1, 2, '2018-12-18 17:06:25'),
(10, '2018-12-20 00:00:00', '', 1, 1, 'Ingreso de producto', 2, 1, 2, '2018-12-20 15:42:05'),
(11, '2018-12-21 00:00:00', '', 1, 1, 'Ingreso de producto', 2, 1, 2, '2018-12-21 10:19:21'),
(12, '2018-12-21 00:00:00', '', 1, 1, 'Ingreso de producto', 2, 1, 2, '2018-12-21 10:22:06'),
(13, '2018-12-22 00:00:00', '', 1, 1, 'Ingreso de producto', 2, 1, 2, '2018-12-22 11:58:29'),
(14, '2018-12-22 00:00:00', '', 1, 1, 'Ingreso de producto', 2, 1, 2, '2018-12-22 13:14:56'),
(15, '2018-12-22 00:00:00', '', 1, 1, 'Ingreso de producto', 2, 1, 2, '2018-12-22 15:03:46'),
(16, '2018-12-24 00:00:00', '', 1, 1, 'Ingreso de producto', 2, 2, 2, '2018-12-24 11:02:36'),
(17, '2018-12-24 00:00:00', '', 1, 1, 'Ingreso de producto', 2, 2, 2, '2018-12-24 11:53:07'),
(18, '2018-12-24 00:00:00', '', 1, 1, 'Ingreso de producto', 2, 2, 2, '2018-12-24 11:53:38'),
(19, '2018-12-24 00:00:00', '', 1, 1, 'Ingreso de producto', 2, 2, 2, '2018-12-24 11:56:55'),
(21, '2018-12-27 00:00:00', '', 1, 1, 'Ingreso de producto', 2, 2, 2, '2018-12-27 12:02:45'),
(22, '2018-12-27 00:00:00', '', 1, 1, 'Ingreso de producto', 2, 2, 2, '2018-12-27 17:41:35'),
(23, '2018-12-28 00:00:00', '', 1, 1, 'Ingreso de producto', 2, 2, 2, '2018-12-28 11:18:20'),
(24, '2018-12-28 00:00:00', '', 1, 1, 'Ingreso de producto', 2, 2, 2, '2018-12-28 11:24:11'),
(25, '2018-12-28 00:00:00', '', 1, 1, 'Ingreso de producto', 2, 2, 2, '2018-12-28 15:18:03'),
(26, '2018-12-29 00:00:00', '', 1, 1, 'Ingreso de producto', 2, 2, 2, '2018-12-29 09:52:04'),
(27, '2018-12-29 00:00:00', '', 1, 1, 'Ingreso de producto', 2, 2, 2, '2018-12-29 10:51:59'),
(28, '2018-12-29 00:00:00', '', 1, 1, 'Ingreso de producto', 2, 2, 2, '2018-12-29 11:07:57'),
(29, '2018-12-29 00:00:00', '', 1, 1, 'Ingreso de producto', 2, 2, 2, '2018-12-29 12:06:38'),
(30, '2018-12-29 00:00:00', '', 1, 1, 'Ingreso de producto', 2, 2, 2, '2018-12-29 12:53:22'),
(31, '2019-01-03 00:00:00', '', 1, 1, 'Ingreso de producto', 2, 2, 2, '2019-01-03 09:08:27'),
(32, '2019-01-03 00:00:00', '', 1, 1, 'Ingreso de producto', 2, 2, 2, '2019-01-03 09:54:09'),
(33, '2019-01-03 00:00:00', '', 1, 1, 'Ingreso de producto', 2, 2, 2, '2019-01-03 15:33:01'),
(34, '2019-01-03 00:00:00', '', 1, 1, 'Ingreso de producto', 2, 2, 2, '2019-01-03 18:49:02'),
(35, '2019-01-03 00:00:00', '', 1, 1, 'Ingreso de producto', 2, 2, 2, '2019-01-03 19:00:59'),
(36, '2019-01-03 00:00:00', '', 1, 1, 'Ingreso de producto', 2, 2, 2, '2019-01-03 19:01:57'),
(37, '2019-01-04 00:00:00', '', 1, 1, 'Ingreso de producto', 2, 1, 2, '2019-01-04 17:19:02'),
(38, '2019-01-04 00:00:00', '', 1, 1, 'Ingreso de producto', 2, 1, 2, '2019-01-04 18:08:20'),
(39, '2019-01-05 00:00:00', '', 1, 1, 'Ingreso de producto', 2, 1, 2, '2019-01-05 10:44:00'),
(40, '2019-01-05 00:00:00', '', 2, 1, 'Ingreso de producto', 2, 1, 2, '2019-01-05 12:13:29'),
(41, '2019-01-05 00:00:00', '', 1, 1, 'Ingreso de producto', 2, 1, 2, '2019-01-05 16:27:59'),
(42, '2019-01-07 00:00:00', '', 2, 1, 'Ingreso de producto', 2, 2, 2, '2019-01-07 16:25:39'),
(43, '2019-01-07 00:00:00', '', 1, 1, 'Ingreso de producto', 2, 2, 2, '2019-01-07 16:26:38'),
(44, '2019-01-07 00:00:00', '', 2, 1, 'Ingreso de producto', 2, 1, 2, '2019-01-07 16:57:53'),
(45, '2019-01-07 00:00:00', '', 1, 1, 'Ingreso de producto', 2, 1, 2, '2019-01-07 18:40:44'),
(46, '2019-01-09 00:00:00', '', 1, 1, 'Ingreso de producto', 2, 2, 2, '2019-01-09 15:30:23'),
(47, '2019-01-09 00:00:00', '', 1, 1, 'Ingreso de producto', 2, 2, 2, '2019-01-09 16:22:39'),
(48, '2019-01-09 00:00:00', '', 1, 1, 'Ingreso de producto', 2, 2, 2, '2019-01-09 16:37:02'),
(49, '2019-01-09 00:00:00', '', 1, 1, 'Ingreso de producto', 2, 2, 2, '2019-01-09 18:02:53'),
(50, '2019-01-09 00:00:00', '', 2, 1, 'Ingreso de producto', 2, 2, 2, '2019-01-09 18:27:39'),
(51, '2019-01-09 00:00:00', '', 1, 1, 'Ingreso de producto', 2, 2, 2, '2019-01-09 18:55:58'),
(55, '2019-01-09 00:00:00', '', 1, 1, 'Ingreso de producto', 2, 1, 2, '2019-01-09 19:55:54'),
(56, '2019-01-10 00:00:00', '', 1, 1, 'Ingreso de producto', 2, 1, 2, '2019-01-10 09:59:40'),
(57, '2019-01-10 00:00:00', '', 1, 1, 'Ingreso de producto', 2, 1, 2, '2019-01-10 10:02:43'),
(58, '2019-01-10 00:00:00', '', 1, 1, 'Ingreso de producto', 2, 1, 2, '2019-01-10 10:32:14'),
(59, '2019-01-10 00:00:00', '', 1, 1, 'Ingreso de producto', 2, 1, 2, '2019-01-10 12:51:32'),
(60, '2019-01-10 00:00:00', '', 1, 1, 'Ingreso de producto', 2, 1, 2, '2019-01-10 18:48:20'),
(61, '2019-01-10 00:00:00', '', 1, 1, 'Ingreso de producto', 2, 1, 2, '2019-01-10 19:32:09'),
(62, '2019-01-11 00:00:00', '', 1, 1, 'Ingreso de producto', 2, 2, 2, '2019-01-11 10:45:42'),
(63, '2019-01-11 00:00:00', '', 1, 1, 'Ingreso de producto', 2, 2, 2, '2019-01-11 15:24:07'),
(64, '2019-01-12 00:00:00', '', 1, 1, 'Ingreso de producto', 2, 2, 2, '2019-01-12 16:05:26'),
(65, '2019-01-12 00:00:00', '', 1, 1, 'Ingreso de producto', 2, 2, 2, '2019-01-12 16:11:28'),
(66, '2019-01-14 00:00:00', '', 1, 1, 'Ingreso de producto', 2, 2, 2, '2019-01-14 10:39:03'),
(67, '2019-01-14 00:00:00', '', 1, 1, 'Ingreso de producto', 2, 1, 2, '2019-01-14 15:46:13'),
(68, '2019-01-14 00:00:00', '', 1, 1, 'Ingreso de producto', 2, 2, 2, '2019-01-14 18:36:23'),
(69, '2019-01-14 00:00:00', '', 2, 1, 'Ingreso de producto', 2, 1, 2, '2019-01-14 19:55:52'),
(70, '2019-01-15 00:00:00', '', 2, 1, 'Ingreso de producto', 2, 2, 2, '2019-01-15 15:15:59'),
(71, '2019-01-17 00:00:00', '', 1, 1, 'Ingreso de producto', 2, 2, 2, '2019-01-17 10:12:30'),
(72, '2019-01-17 00:00:00', '', 1, 1, 'Ingreso de producto', 2, 2, 2, '2019-01-17 15:41:56'),
(73, '2019-01-17 00:00:00', '', 1, 1, 'Ingreso de producto', 2, 1, 2, '2019-01-17 16:26:22'),
(74, '2019-01-18 00:00:00', '', 1, 1, 'Ingreso de producto', 2, 2, 2, '2019-01-18 15:41:51'),
(75, '2019-01-19 00:00:00', '', 1, 1, 'Ingreso de producto', 2, 2, 2, '2019-01-19 09:50:10'),
(76, '2019-01-21 00:00:00', '', 1, 1, 'Ingreso de producto', 2, 2, 2, '2019-01-21 11:07:10'),
(77, '2019-01-21 00:00:00', '', 1, 1, 'Ingreso de producto', 2, 2, 2, '2019-01-21 11:09:03'),
(78, '2019-01-21 00:00:00', '', 1, 1, 'Ingreso de producto', 2, 1, 2, '2019-01-21 15:27:09'),
(79, '2019-01-21 00:00:00', '', 1, 1, 'Ingreso de producto', 2, 1, 2, '2019-01-21 20:36:59'),
(80, '2019-01-21 00:00:00', '', 1, 1, 'Ingreso de producto', 2, 1, 2, '2019-01-21 20:41:00'),
(81, '2019-01-21 00:00:00', '', 1, 1, 'Ingreso de producto', 2, 1, 2, '2019-01-21 20:51:50'),
(82, '2019-01-21 00:00:00', '', 1, 1, 'Ingreso de producto', 2, 1, 2, '2019-01-21 21:05:14'),
(83, '2019-01-21 00:00:00', '', 1, 1, 'Ingreso de producto', 2, 1, 2, '2019-01-21 21:22:40'),
(84, '2019-01-21 00:00:00', '', 1, 1, 'Ingreso de producto', 2, 1, 2, '2019-01-21 21:29:05'),
(85, '2019-01-21 00:00:00', '', 1, 1, 'Ingreso de producto', 2, 1, 2, '2019-01-21 21:30:36'),
(86, '2019-01-23 00:00:00', '', 1, 1, 'Ingreso de producto', 2, 1, 2, '2019-01-23 15:50:09'),
(87, '2019-01-23 00:00:00', '', 1, 1, 'Ingreso de producto', 2, 1, 2, '2019-01-23 17:06:47'),
(88, '2019-01-24 00:00:00', '', 1, 1, 'Ingreso de producto', 2, 2, 2, '2019-01-24 08:54:33'),
(89, '2019-01-26 00:00:00', '', 1, 1, 'Ingreso de producto', 2, 2, 2, '2019-01-26 14:38:25'),
(90, '2019-01-26 00:00:00', '', 1, 1, 'Ingreso de producto', 2, 2, 2, '2019-01-26 14:52:59'),
(91, '2019-01-26 00:00:00', '', 1, 1, 'Ingreso de producto', 2, 2, 2, '2019-01-26 15:47:02'),
(92, '2019-01-28 00:00:00', '', 1, 1, 'Ingreso de producto', 2, 1, 2, '2019-01-28 16:44:25'),
(93, '2019-01-28 00:00:00', '', 1, 1, 'Ingreso de producto', 2, 1, 2, '2019-01-28 16:48:04'),
(94, '2019-01-28 00:00:00', '', 1, 1, 'Ingreso de producto', 2, 1, 2, '2019-01-28 16:50:17'),
(95, '2019-01-28 00:00:00', '', 1, 1, 'Ingreso de producto', 2, 1, 2, '2019-01-28 16:51:40');

-- --------------------------------------------------------

--
-- Estructura de tabla para la tabla `ingreso_venta`
--

CREATE TABLE IF NOT EXISTS `ingreso_venta` (
  `venta_id` bigint(20) NOT NULL,
  `ingreso_id` bigint(20) NOT NULL
) ENGINE=InnoDB DEFAULT CHARSET=latin1;

--
-- Volcado de datos para la tabla `ingreso_venta`
--

INSERT INTO `ingreso_venta` (`venta_id`, `ingreso_id`) VALUES
(1, 1),
(2, 2),
(3, 3),
(4, 4),
(5, 5),
(6, 6),
(7, 7),
(8, 8),
(9, 10),
(10, 11),
(11, 12),
(12, 13),
(13, 14),
(14, 15),
(15, 16),
(16, 20),
(17, 21),
(18, 22),
(19, 23),
(20, 24),
(21, 25),
(22, 26),
(23, 27),
(24, 28),
(25, 29),
(26, 30),
(27, 31),
(28, 32),
(29, 33),
(30, 34),
(31, 35),
(32, 36),
(33, 37),
(34, 38),
(35, 39),
(36, 40),
(37, 41),
(38, 42),
(39, 43),
(41, 45),
(42, 46),
(43, 47),
(44, 48),
(45, 49),
(46, 50),
(47, 51),
(48, 52),
(49, 53),
(50, 54),
(51, 55),
(52, 56),
(53, 57),
(54, 58),
(55, 59),
(56, 60),
(57, 61),
(58, 62),
(59, 63),
(60, 64),
(61, 65),
(62, 66),
(63, 67),
(64, 68),
(65, 69),
(66, 70),
(67, 72),
(68, 73),
(69, 74),
(70, 75),
(71, 77),
(72, 78),
(73, 79),
(74, 80),
(75, 81),
(76, 82),
(77, 83),
(78, 84),
(79, 85),
(80, 86),
(81, 88),
(82, 89),
(83, 90),
(84, 91),
(85, 92),
(86, 93),
(87, 94),
(88, 95),
(89, 96),
(90, 97),
(91, 98),
(92, 99),
(93, 102),
(94, 103),
(95, 104),
(96, 105),
(97, 106),
(98, 107),
(99, 108),
(100, 109),
(101, 110),
(102, 113),
(103, 114),
(104, 115),
(105, 116),
(106, 117),
(107, 118),
(108, 119),
(109, 120),
(110, 122),
(111, 123),
(112, 124),
(113, 126),
(114, 127),
(115, 128),
(116, 129),
(117, 130),
(118, 131),
(119, 132),
(120, 133),
(121, 134),
(122, 135),
(123, 136),
(124, 137),
(125, 138),
(126, 139),
(127, 140),
(128, 141),
(129, 142),
(130, 143),
(131, 144),
(132, 145),
(133, 146),
(134, 147),
(135, 148),
(136, 149),
(137, 150),
(138, 151),
(139, 152),
(140, 153),
(141, 154),
(142, 155),
(143, 156),
(144, 157),
(145, 158),
(146, 159),
(147, 160);

-- --------------------------------------------------------

--
-- Estructura de tabla para la tabla `inicio_sesion`
--

CREATE TABLE IF NOT EXISTS `inicio_sesion` (
`id` bigint(20) NOT NULL,
  `fecha` datetime DEFAULT NULL,
  `usuario_id` bigint(20) DEFAULT NULL,
  `impresora_id` bigint(20) DEFAULT NULL
) ENGINE=InnoDB AUTO_INCREMENT=88 DEFAULT CHARSET=latin1;

--
-- Volcado de datos para la tabla `inicio_sesion`
--

INSERT INTO `inicio_sesion` (`id`, `fecha`, `usuario_id`, `impresora_id`) VALUES
(1, '2018-12-04 18:27:05', 1, NULL),
(2, '2018-12-04 19:28:20', 1, NULL),
(3, '2018-12-07 19:05:02', 1, NULL),
(4, '2018-12-08 11:05:39', 1, NULL),
(5, '2018-12-10 09:54:20', 1, NULL),
(6, '2018-12-10 18:27:16', 1, NULL),
(7, '2018-12-11 09:17:15', 1, NULL),
(8, '2018-12-17 17:03:15', 1, NULL),
(9, '2018-12-17 17:11:42', 1, NULL),
(10, '2018-12-20 17:03:53', 1, NULL),
(11, '2018-12-20 17:06:01', 1, NULL),
(12, '2018-12-21 16:08:12', 1, NULL),
(13, '2018-12-24 09:50:05', 2, NULL),
(14, '2018-12-25 16:58:36', 1, NULL),
(15, '2018-12-27 17:31:17', 2, NULL),
(16, '2018-12-27 17:57:58', 2, NULL),
(17, '2018-12-27 18:50:24', 2, NULL),
(18, '2018-12-28 10:42:17', 2, NULL),
(19, '2018-12-28 17:18:48', 1, NULL),
(20, '2018-12-28 17:22:09', 1, NULL),
(21, '2018-12-28 17:24:32', 2, NULL),
(22, '2019-01-02 17:11:11', 1, NULL),
(23, '2019-01-02 17:27:09', 2, NULL),
(24, '2019-01-03 14:49:11', 1, NULL),
(25, '2019-01-03 18:23:45', 2, NULL),
(26, '2019-01-03 20:47:31', 1, NULL),
(27, '2019-01-04 09:21:02', 2, NULL),
(28, '2019-01-04 17:17:30', 1, NULL),
(29, '2019-01-04 17:45:55', 2, NULL),
(30, '2019-01-04 17:48:46', 1, NULL),
(31, '2019-01-04 18:07:00', 1, NULL),
(32, '2019-01-05 09:54:36', 1, NULL),
(33, '2019-01-07 09:16:55', 2, NULL),
(34, '2019-01-07 16:17:12', 2, NULL),
(35, '2019-01-07 16:31:10', 2, NULL),
(36, '2019-01-07 16:31:37', 1, NULL),
(37, '2019-01-08 10:49:36', 2, NULL),
(38, '2019-01-09 15:39:33', 2, NULL),
(39, '2019-01-10 09:14:30', 2, NULL),
(40, '2019-01-10 09:54:31', 1, NULL),
(41, '2019-01-10 11:53:47', 2, NULL),
(42, '2019-01-10 12:47:17', 1, NULL),
(43, '2019-01-10 15:47:58', 2, NULL),
(44, '2019-01-10 16:47:50', 1, NULL),
(45, '2019-01-10 19:43:16', 1, NULL),
(46, '2019-01-11 09:56:41', 2, NULL),
(47, '2019-01-12 10:28:11', 1, NULL),
(48, '2019-01-12 10:48:59', 2, NULL),
(49, '2019-01-14 15:08:17', 1, NULL),
(50, '2019-01-14 17:42:09', 2, NULL),
(51, '2019-01-14 17:56:38', 2, NULL),
(52, '2019-01-14 18:49:55', 1, NULL),
(53, '2019-01-14 18:54:57', 1, NULL),
(54, '2019-01-14 19:23:56', 1, NULL),
(55, '2019-01-15 11:43:03', 2, NULL),
(56, '2019-01-15 15:41:17', 1, NULL),
(57, '2019-01-15 16:31:42', 1, NULL),
(58, '2019-01-15 18:34:26', 2, NULL),
(59, '2019-01-15 18:44:45', 2, NULL),
(60, '2019-01-15 18:46:07', 2, NULL),
(61, '2019-01-15 19:00:24', 1, NULL),
(62, '2019-01-15 19:22:27', 1, NULL),
(63, '2019-01-16 09:22:18', 1, NULL),
(64, '2019-01-16 11:20:23', 2, NULL),
(65, '2019-01-16 15:14:32', 1, NULL),
(66, '2019-01-16 19:17:05', 1, NULL),
(67, '2019-01-17 15:56:35', 1, NULL),
(68, '2019-01-17 18:15:31', 2, NULL),
(69, '2019-01-17 18:38:11', 1, NULL),
(70, '2019-01-18 09:42:25', 2, NULL),
(71, '2019-01-18 14:37:38', 1, NULL),
(72, '2019-01-18 16:50:23', 1, NULL),
(73, '2019-01-19 09:11:44', 2, NULL),
(74, '2019-01-19 13:42:55', 1, NULL),
(75, '2019-01-19 14:19:02', 2, NULL),
(76, '2019-01-19 15:58:39', 1, NULL),
(77, '2019-01-19 16:32:24', 1, NULL),
(78, '2019-01-21 09:34:19', 2, NULL),
(79, '2019-01-21 15:21:52', 1, NULL),
(80, '2019-01-21 20:21:11', 1, NULL),
(81, '2019-01-21 21:02:46', 1, NULL),
(82, '2019-01-21 21:20:56', 1, NULL),
(83, '2019-01-23 15:40:27', 1, NULL),
(84, '2019-01-24 08:53:50', 2, NULL),
(85, '2019-01-24 14:35:20', 1, NULL),
(86, '2019-01-28 16:28:16', 1, NULL),
(87, '2019-01-28 17:37:36', 1, NULL);

-- --------------------------------------------------------

--
-- Estructura Stand-in para la vista `inventario`
--
CREATE TABLE IF NOT EXISTS `inventario` (
`producto_id` bigint(20)
,`id_talla` bigint(20)
,`id_color` bigint(20)
,`id_almacen` bigint(20)
,`codigo_barra` text
,`codigo_alterno` text
,`nombre_item` text
,`tipo_producto` text
,`almacen` text
,`talla` text
,`color` text
,`stock_minimo` bigint(20)
,`precio_venta` decimal(20,2)
,`id_sucursal` bigint(20)
,`sucursal` text
,`unidad` text
,`cantidad` decimal(41,0)
);
-- --------------------------------------------------------

--
-- Estructura de tabla para la tabla `inventario_compra`
--

CREATE TABLE IF NOT EXISTS `inventario_compra` (
  `compra_id` bigint(20) NOT NULL,
  `ingreso_id` bigint(20) NOT NULL
) ENGINE=InnoDB DEFAULT CHARSET=utf8 COLLATE=utf8_spanish_ci;

-- --------------------------------------------------------

--
-- Estructura Stand-in para la vista `inventario_producto`
--
CREATE TABLE IF NOT EXISTS `inventario_producto` (
`producto_id` bigint(20)
,`codigo_barra` text
,`nombre_item` text
,`stock_minimo` bigint(20)
,`precio_venta` decimal(20,2)
,`cantidadTotal` bigint(21)
,`sucursal` varchar(11)
,`cantidad` bigint(20)
,`cantidad_produccion` bigint(20)
,`id_talla` bigint(20)
,`id_color` bigint(20)
,`color` text
,`talla` text
);
-- --------------------------------------------------------

--
-- Estructura de tabla para la tabla `marca`
--

CREATE TABLE IF NOT EXISTS `marca` (
`id` bigint(20) NOT NULL,
  `descripcion` text
) ENGINE=InnoDB AUTO_INCREMENT=8 DEFAULT CHARSET=latin1;

--
-- Volcado de datos para la tabla `marca`
--

INSERT INTO `marca` (`id`, `descripcion`) VALUES
(6, 'DICARP'),
(7, 'DUOFLEX');

-- --------------------------------------------------------

--
-- Estructura de tabla para la tabla `menu`
--

CREATE TABLE IF NOT EXISTS `menu` (
`id` bigint(20) NOT NULL,
  `parent` bigint(20) DEFAULT NULL,
  `name` text,
  `icon` text,
  `slug` text,
  `number` int(11) DEFAULT NULL
) ENGINE=InnoDB AUTO_INCREMENT=44 DEFAULT CHARSET=latin1;

--
-- Volcado de datos para la tabla `menu`
--

INSERT INTO `menu` (`id`, `parent`, `name`, `icon`, `slug`, `number`) VALUES
(1, NULL, 'REGISTROS', 'fa fa-address-book', 'Item-1', 1),
(2, NULL, 'VENTAS', 'fa fa-list', 'Item-1', 2),
(4, NULL, 'INVENTARIO', 'fa fa-line-chart', 'Item-1', 3),
(5, NULL, 'CONFIGURACION', 'fa fa-building-o', 'Item-1', 6),
(6, NULL, 'REPORTES', 'fa fa-area-chart', 'Item-1', 7),
(7, 1, 'Nuevo cliente', 'fa fa-circle-o', 'cliente', 1),
(8, 2, 'Nueva venta', 'fa fa-circle-o', 'venta', 1),
(9, 2, 'Consulta venta', 'fa fa-circle-o', 'consultar_venta', 2),
(11, 4, 'Nuevo producto', 'fa fa-circle-o', 'producto', 1),
(12, 4, 'Gestionar Ingreso', 'fa fa-circle-o', 'inventario', 2),
(16, 5, 'Usuario', 'fa fa-circle-o', 'usuario', 2),
(18, 35, 'Nueva proforma', 'fa fa-circle-o', 'proforma', 1),
(19, NULL, 'FLUJO CAJA', 'fa fa-dollar', 'Item-1', 5),
(20, 199, 'Registrar ingreso', 'fa fa-circle-o', 'ingreso', 1),
(21, 19, 'Registrar egreso', 'fa fa-circle-o', 'egreso', 2),
(23, 19, 'Ver Egresos', 'fa fa-circle-o', 'flujo_caja', 4),
(24, NULL, 'PAGOS DEUDAS', 'fa fa-university', 'Item-1', 4),
(25, 24, 'Historial Pagos', 'fa fa-circle-o', 'historial_pago', 2),
(26, 24, 'Pago Deudas', 'fa fa-circle-o', 'pago/listar', 1),
(28, 6, 'Rep. clientes', 'fa fa-circle-o', 'reporte/reporte_clientes', 3),
(29, 4, 'En Produccion', 'fa fa-circle-o', 'Producto_produccion', 3),
(30, 2, 'Venta Proceso', 'fa fa-circle-o', 'Venta_proceso', 4),
(31, 6, 'Rep. Deudas', 'fa fa-circle-o', 'reporte/reporte_deudas', 2),
(32, 19, 'Rep. Venta Diarias', 'fa fa-circle-o', 'reporte/reporte_venta_dia', 1),
(33, 5, 'Sucursal', 'fa fa-circle-o', 'sucursal', 2),
(34, 35, 'Consulta Proforma', 'fa fa-circle-o', 'Consultar_proforma', 2),
(35, NULL, 'PROFORMA', '	fa fa-file-text', 'Item-1', 3),
(36, 1999, 'Gestionar Caja', 'fa fa-circle-o', 'caja', 3),
(37, 6, 'Rep. Venta-Producto', 'fa fa-circle-o', 'reporte/reporte_venta', 4),
(38, NULL, 'SOLICITUD TRABAJO', 'fa fa-briefcase  ', 'Item-1', 8),
(39, 38, 'Crear Solicitud', 'fa fa-circle-o', 'solicitud_trabajo', 1),
(40, 38, 'Consulta Orden Trabajo', 'fa fa-circle-o', 'Consultar_orden_trabajo', 2),
(41, 2, 'Consulta Venta Anuladas', 'fa fa-circle-o', 'consultar_venta_anulada', 4),
(42, 6, 'Rep. Ingreso', 'fa fa-circle-o', 'reporte/flujo_caja_ingreso', 4),
(43, 6, 'Rep. Cuenta Cliente', 'fa fa-circle-o', 'reporte/reporte_cuenta_corriente', 5);

-- --------------------------------------------------------

--
-- Estructura de tabla para la tabla `nota_venta`
--

CREATE TABLE IF NOT EXISTS `nota_venta` (
`id` bigint(20) NOT NULL,
  `venta_id` bigint(20) DEFAULT NULL,
  `nro_nota` bigint(20) DEFAULT NULL
) ENGINE=InnoDB AUTO_INCREMENT=148 DEFAULT CHARSET=latin1;

--
-- Volcado de datos para la tabla `nota_venta`
--

INSERT INTO `nota_venta` (`id`, `venta_id`, `nro_nota`) VALUES
(1, 1, 1),
(3, 3, 3),
(4, 4, 4),
(5, 5, 5),
(6, 6, 6),
(7, 7, 7),
(8, 8, 8),
(9, 9, 9),
(10, 10, 10),
(11, 11, 11),
(12, 12, 12),
(13, 13, 13),
(14, 14, 14),
(15, 15, 15),
(16, 16, 16),
(17, 17, 17),
(18, 18, 18),
(19, 19, 19),
(20, 20, 20),
(21, 21, 21),
(22, 22, 22),
(23, 23, 22),
(24, 24, 23),
(25, 25, 24),
(26, 26, 25),
(27, 27, 26),
(28, 28, 27),
(29, 29, 28),
(30, 30, 29),
(31, 31, 30),
(32, 32, 31),
(33, 33, 32),
(34, 34, 33),
(35, 35, 34),
(36, 36, 35),
(37, 37, 36),
(38, 38, 37),
(39, 39, 38),
(40, 40, 39),
(41, 41, 40),
(42, 42, 41),
(43, 43, 42),
(44, 44, 43),
(45, 45, 44),
(46, 46, 45),
(47, 47, 46),
(48, 48, 47),
(49, 49, 48),
(50, 50, 49),
(51, 51, 50),
(52, 52, 51),
(53, 53, 52),
(54, 54, 53),
(55, 55, 54),
(56, 56, 55),
(57, 57, 56),
(58, 58, 57),
(59, 59, 58),
(60, 60, 59),
(61, 61, 60),
(62, 62, 61),
(63, 63, 62),
(64, 64, 63),
(65, 65, 64),
(66, 66, 65),
(67, 67, 66),
(68, 68, 67),
(69, 69, 68),
(70, 70, 69),
(71, 71, 70),
(72, 72, 71),
(73, 73, 72),
(74, 74, 73),
(75, 75, 74),
(76, 76, 75),
(77, 77, 76),
(78, 78, 77),
(79, 79, 78),
(80, 80, 79),
(81, 81, 80),
(82, 82, 81),
(83, 83, 82),
(84, 84, 83),
(85, 85, 84),
(86, 86, 85),
(87, 87, 86),
(88, 88, 87),
(89, 89, 88),
(90, 90, 89),
(91, 91, 90),
(92, 92, 91),
(93, 93, 92),
(94, 94, 93),
(95, 95, 94),
(96, 96, 95),
(97, 97, 96),
(98, 98, 97),
(99, 99, 98),
(100, 100, 99),
(101, 101, 100),
(102, 102, 101),
(103, 103, 102),
(104, 104, 103),
(105, 105, 104),
(106, 106, 105),
(107, 107, 106),
(108, 108, 107),
(109, 109, 108),
(110, 110, 109),
(111, 111, 110),
(112, 112, 111),
(113, 113, 112),
(114, 114, 113),
(115, 115, 114),
(116, 116, 115),
(117, 117, 116),
(118, 118, 117),
(119, 119, 118),
(120, 120, 119),
(121, 121, 120),
(122, 122, 121),
(123, 123, 122),
(124, 124, 123),
(125, 125, 124),
(126, 126, 125),
(127, 127, 126),
(128, 128, 127),
(129, 129, 128),
(130, 130, 129),
(131, 131, 130),
(132, 132, 131),
(133, 133, 132),
(134, 134, 133),
(135, 135, 134),
(136, 136, 135),
(137, 137, 136),
(138, 138, 137),
(139, 139, 138),
(140, 140, 139),
(141, 141, 140),
(142, 142, 141),
(143, 143, 142),
(144, 144, 143),
(145, 145, 144),
(146, 146, 145),
(147, 147, 146);

-- --------------------------------------------------------

--
-- Estructura Stand-in para la vista `orden_emitida`
--
CREATE TABLE IF NOT EXISTS `orden_emitida` (
`estado` smallint(6)
,`id` bigint(20)
,`fecha` date
,`hora` text
,`subtotal` decimal(20,2)
,`descuento` decimal(20,2)
,`total` decimal(20,2)
,`nombre_usuario` text
,`nro_proforma` bigint(20)
,`ci_nit` text
,`nombre_cliente` text
,`nit` text
,`nombre_empresa` text
,`sucursal` text
,`direccion` text
,`telefono` text
,`email` text
,`nota` text
);
-- --------------------------------------------------------

--
-- Estructura de tabla para la tabla `producto`
--

CREATE TABLE IF NOT EXISTS `producto` (
`id` bigint(20) NOT NULL,
  `codigo_barra` text,
  `codigo_alterno` text NOT NULL,
  `nombre_item` text,
  `precio_venta` decimal(20,2) DEFAULT NULL,
  `precio_compra` decimal(20,2) DEFAULT NULL,
  `stock_minimo` bigint(20) DEFAULT NULL,
  `fecha_registro` datetime DEFAULT NULL,
  `fecha_modificacion` datetime DEFAULT NULL,
  `estado` smallint(6) DEFAULT NULL,
  `tipo_item_id` bigint(20) DEFAULT NULL,
  `unidad_medida` text,
  `unidad_compra` text,
  `dimension` text,
  `descripcion` text,
  `marca_id` bigint(20) DEFAULT NULL,
  `color_id` bigint(20) DEFAULT NULL,
  `talla_id` bigint(20) DEFAULT NULL,
  `categoria_interna_id` bigint(20) DEFAULT NULL
) ENGINE=InnoDB AUTO_INCREMENT=191 DEFAULT CHARSET=latin1;

--
-- Volcado de datos para la tabla `producto`
--

INSERT INTO `producto` (`id`, `codigo_barra`, `codigo_alterno`, `nombre_item`, `precio_venta`, `precio_compra`, `stock_minimo`, `fecha_registro`, `fecha_modificacion`, `estado`, `tipo_item_id`, `unidad_medida`, `unidad_compra`, `dimension`, `descripcion`, `marca_id`, `color_id`, `talla_id`, `categoria_interna_id`) VALUES
(1, 'AX-1001', '', 'ALMOHADA NASA CERVICAL DUOFLEX', '250.00', '0.00', 1, '2018-07-23 11:45:10', '2018-12-10 09:55:14', 1, 1, NULL, NULL, '12,5 x 7,5 x 11 cm', '', 6, 1, 26, 11),
(2, 'AX-1002', '', 'ALMOHADA NASA DUOFLEX (50 X 70)', '180.00', '84.00', 1, '2018-07-23 11:47:10', '2018-12-13 15:43:25', 1, 1, NULL, NULL, '14 CM', '', 7, 1, 26, 11),
(3, 'AD-1001', '', 'ALMOHADA DICARP ROCA', '150.00', '0.00', 1, '2018-07-23 15:29:47', '2018-12-08 11:19:12', 1, 2, NULL, NULL, '50 x 60 cm ', '', 6, 1, 26, 11),
(4, 'AD-1002', '', 'ALMOHADA DICARP ANTIALERGICA (50 X 70)', '100.00', '0.00', 1, '2018-07-23 15:31:21', '2018-12-12 09:19:30', 1, 2, NULL, NULL, '50 x 70 cm', '', 6, 1, 26, 11),
(5, 'AD-1003', '', 'ALMOHADA DICARP ANTIALERGICA (0,80X0,50)', '120.00', '0.00', 1, '2018-07-23 15:33:27', '2019-01-05 10:17:40', 1, 1, NULL, NULL, '50 X 80 CM', '', 6, 1, 26, 11),
(6, 'AD-1004', '', 'ALMOHADA DICARP ANTIALERGICA (0,90X0,50)', '150.00', '0.00', 1, '2018-07-23 15:36:57', '2019-01-05 10:18:05', 1, 1, NULL, NULL, '50 x 90 cm', '', 6, 1, 26, 11),
(7, 'AD-1005', '', 'ALMOHADA DICARP ANTIALERGICA (50 X 1 M)', '170.00', '0.00', 1, '2018-07-23 15:38:42', '2018-12-17 16:37:51', 1, 1, NULL, NULL, '50 x 1 m', '', 6, 1, 26, 11),
(8, 'AD-1006', '', 'ALMOHADA DICARP ANTIALERGICA (40 X 1,40 M)', '200.00', '0.00', 1, '2018-07-23 15:44:03', '2018-12-17 16:38:35', 1, 1, NULL, NULL, '40 x 1,40 m', '', 6, 1, 26, 11),
(9, 'RD-1001', '', 'RESPALDO SENCILLO 1 PLAZA (0,90 X 70CM)', '1000.00', '0.00', 1, '2018-07-23 16:01:15', '2018-12-17 16:37:28', 1, 1, NULL, NULL, '0,90 x 70 cm', '', 6, 1, 26, 12),
(10, 'RD-1002', '', 'RESPALDO SENCILLO 1,5 PLAZA (1,15 X 070 M)', '1100.00', '0.00', 1, '2018-07-23 16:05:27', '2018-12-17 16:39:06', 1, 1, NULL, NULL, '1,15 x 0,70 m ', '', 6, 1, 26, 12),
(11, 'RD-1003', '', 'RESPALDO SENCILLO 2 PLAZA (1,50 X 0,70 M)', '1200.00', '0.00', 1, '2018-07-23 16:13:11', '2018-12-17 16:36:53', 1, 1, NULL, NULL, '0', '', 6, 1, 26, 12),
(12, 'RD-1004', '', 'RESPALDO SENCILLO 2,5 PLAZA (1,70 X 0,70M)', '1400.00', '0.00', 1, '2018-07-23 16:14:39', '2018-12-17 16:39:45', 1, 1, NULL, NULL, '1,70 x 0,70 m', '', 6, 1, 26, 12),
(13, 'RD-1005', '', 'RESPALDO SENCILLO 3 PLAZA (1,90 X 0,70M)', '1800.00', '0.00', 1, '2018-07-23 16:16:28', '2018-12-17 16:40:20', 1, 1, NULL, NULL, '0', '', 6, 1, 26, 12),
(14, 'RD-1006', '', 'RESPALDO SENCILLO 3,5 PLAZA (2,10 X 0,70M)', '2000.00', '0.00', 1, '2018-07-23 16:21:58', '2018-12-17 16:40:53', 1, 1, NULL, NULL, '2,10 x 0,70 m', '', 6, 1, 26, 12),
(15, 'RD-1007', '', 'RESPALDO DICARP COSTURA 1 PLAZA (0,90 X 0,70 CM)', '1100.00', '0.00', 1, '2018-07-23 16:27:51', '2018-12-08 12:35:43', 1, 1, NULL, NULL, '0,90 x 0,70 cm', '', 6, 1, 26, 13),
(16, 'RD-1008', '', 'RESPALDO DICARP COSTURA 1,5 PLAZA (1,15 X 0,70M)', '1200.00', '0.00', 1, '2018-07-23 16:29:10', '2018-12-17 16:41:17', 1, 1, NULL, NULL, '1,15 x 0,70 m ', '', 6, 1, 26, 13),
(17, 'RD-1009', '', 'RESPALDO DICARP COSTURA 2 PLAZA (1,50 X 70 M)', '1300.00', '0.00', 1, '2018-07-23 16:30:35', '2018-12-08 12:36:40', 1, 1, NULL, NULL, '1,50 x 70 m', '', 6, 1, 26, 13),
(18, 'RD-10010', '', 'RESPALDO DICARP COSTURA 2,5 PLAZA (1,70 X 0,70 M)', '1500.00', '0.00', 1, '2018-07-23 16:34:15', '2018-12-08 12:36:58', 1, 1, NULL, NULL, '1,70 x 0,70 m', '', 6, 1, 26, 13),
(19, 'RD-10011', '', 'RESPALDO DICARP COSTURA 3 PLAZA (1,90 X 70 M)', '1900.00', '0.00', 1, '2018-07-23 16:35:53', '2018-12-08 12:37:16', 1, 1, NULL, NULL, '1,90 x 70 m', '', 6, 1, 26, 13),
(20, 'RD-10012', '', 'RESPALDO DICARP COSTURA 3,5 PLAZA (2,10 X 0,70 M)', '2100.00', '0.00', 1, '2018-07-23 16:37:52', '2018-12-08 12:37:34', 1, 1, NULL, NULL, '2,10 x 0,70 m', '', 6, 1, 26, 13),
(21, 'RD-10013', '', 'RESPALDO DICARP CAPITONNE DE 70- 1 PLAZA (0,90 X 70 CM)', '1500.00', '0.00', 1, '2018-07-23 16:39:48', '2018-12-08 12:42:36', 1, 1, NULL, NULL, '0,90 x 70 cm', '', 6, 1, 26, 14),
(22, 'RD-10014', '', 'RESPALDO DICARP CAPITONNE DE 70- 1,5 PLAZA (1,15 X 70 CM)', '1600.00', '0.00', 1, '2018-07-23 16:41:53', '2018-12-08 12:43:04', 1, 1, NULL, NULL, '1,15 x 70 m', '', 6, 1, 26, 14),
(23, 'RD-10015', '', 'RESPALDO DICARP CAPITONNE DE 70- 2 PLAZA (1,50 X 70 M)', '1700.00', '0.00', 1, '2018-07-23 16:43:22', '2018-12-08 12:43:18', 1, 1, NULL, NULL, '1,50 x 70 m', '', 6, 1, 26, 14),
(24, 'RD-10016', '', 'RESPALDO DICARP CAPITONNE DE 70- 2,5 PLAZA (1,70 X 0,70 M)', '1900.00', '0.00', 1, '2018-07-23 16:44:29', '2018-12-08 12:43:36', 1, 1, NULL, NULL, '1,70 x 0,70 m', '', 6, 1, 26, 14),
(25, 'RD-10017', '', 'RESPALDO DICARP CAPITONNE DE 70-3 PLAZA (1,90 X 70 M)', '2300.00', '0.00', 1, '2018-07-23 16:45:33', '2018-12-08 12:43:53', 1, 1, NULL, NULL, '1,90 x 70 m', '', 6, 1, 26, 14),
(26, 'RD-10018', '', 'RESPALDO DICARP CAPITONNE DE 70- 3,5 PLAZA (2,10 X 0,70 M)', '2500.00', '0.00', 1, '2018-07-23 16:47:03', '2018-12-08 12:44:28', 1, 1, NULL, NULL, '2,10 x 0,70 m', '', 6, 1, 26, 14),
(27, 'RD-10019', '', 'RESPALDO DICARP CAPITONNE DE 90- 1 PLAZA (0,90 X 0,90)', '1700.00', '0.00', 1, '2018-07-23 16:48:48', '2018-12-17 16:42:40', 1, 1, NULL, NULL, '0,90 x 0,90 cm', '', 6, 1, 26, 15),
(28, 'RD-10020', '', 'RESPALDO DICARP CAPITONNE DE 90- 1,5 PLAZA (1,15X0,90M)', '1900.00', '0.00', 1, '2018-07-23 17:20:27', '2018-12-08 12:46:22', 1, 1, NULL, NULL, '1,15 x 90 m ', '', 6, 1, 26, 15),
(29, 'RD-10021', '', 'RESPALDO DICARP CAPITONNE DE 90-2 PLAZA (1,50X0,90)', '2000.00', '0.00', 1, '2018-07-23 17:22:00', '2018-12-08 12:46:52', 1, 1, NULL, NULL, '1,50 x 90 m', '', 6, 1, 26, 15),
(30, 'RD-10022', '', 'RESPALDO DICARP CAPITONNE DE 90- 2,5 PLAZA (1,70X0,90)', '2200.00', '0.00', 1, '2018-07-23 17:23:26', '2018-12-08 12:47:22', 1, 1, NULL, NULL, '1,70 x 90 m', '', 6, 1, 26, 15),
(31, 'RD-10023', '', 'RESPALDO DICARP CAPITONNE DE 90- 3 PLAZA (1,9''X0,90)', '2600.00', '0.00', 1, '2018-07-23 17:25:01', '2018-12-08 12:48:22', 1, 1, NULL, NULL, '1,90 x 90 m', '', 6, 1, 26, 15),
(32, 'RD-10024', '', 'RESPALDO DICARP CAPITONNE 90 - 3,5 PLAZA ( 2,10 X 90 )', '2800.00', '0.00', 1, '2018-07-23 17:25:59', '2018-12-08 12:50:49', 1, 1, NULL, NULL, '2,10 x 90 m', '', 6, 1, 26, 15),
(33, 'RD-10025', '', 'RESPALDO DICARP CAPITONNE CON BASE 1 PLAZA (0,90 X 0,90)', '2100.00', '0.00', 1, '2018-07-23 17:29:10', '2018-12-08 12:55:33', 1, 1, NULL, NULL, '90 x 90 m', '', 6, 1, 26, 16),
(34, 'RD-10026', '', 'RESPALDO DICARP CAPITONNE CON BASE 1,5 PLAZA (1,15 X 0,90)', '2300.00', '0.00', 1, '2018-07-23 17:30:37', '2018-12-08 12:56:40', 1, 1, NULL, NULL, '1,15 x 90 m ', '', 6, 1, 26, 16),
(35, 'RD-10027', '', 'RESPALDO DICARP CAPITONNE CON BASE 2 PLAZA (1,50 X 0,90)', '2400.00', '0.00', 1, '2018-07-23 17:32:19', '2018-12-08 12:58:48', 1, 1, NULL, NULL, '1,50 x 90 m', '', 6, 1, 26, 16),
(36, 'RD-10028', '', 'RESPALDO DICARP CAPITONNE CON BASE 2,5 PLAZA (1,70 X 0,90)', '2600.00', '0.00', 1, '2018-07-23 17:34:06', '2018-12-08 12:59:41', 1, 1, NULL, NULL, '1,70 x 90 m', '', 6, 1, 26, 16),
(37, 'RD-10029', '', 'RESPALDO DICARP CAPITONNE CON BASE 3 PLAZA (1,90 X 0,90)', '3000.00', '0.00', 1, '2018-07-23 17:35:56', '2018-12-08 13:01:15', 1, 1, NULL, NULL, '1,90 x 90 m', '', 6, 1, 26, 16),
(38, 'RD-10030', '', 'RESPALDO DICARP CAPITONNE CON BASE 3,5 PLAZA (2,10 X 0,90)', '3200.00', '0.00', 1, '2018-07-23 17:39:58', '2018-12-08 13:02:27', 1, 1, NULL, NULL, '2,10 x 90 m', '', 6, 1, 26, 16),
(39, 'RD-10031', '', 'RESPALDO DICARP ALTO 1 PLAZA (0,90 X 1,20)', '1800.00', '0.00', 1, '2018-07-23 17:44:46', '2018-12-08 13:03:30', 1, 1, NULL, NULL, '0,90 x 1,20 m', '', 6, 1, 26, 17),
(40, 'RD-10032', '', 'RESPALDO DICARP ALTO 1,5 PLAZA (1,15 X 1,20)', '2000.00', '0.00', 1, '2018-07-23 17:47:21', '2018-12-08 13:04:27', 1, 1, NULL, NULL, '1,15 x 1,20 m ', '', 6, 1, 26, 17),
(41, 'RD-10033', '', 'RESPALDO DICARP ALTO 2 PLAZA (1,50 X 1,20)', '2300.00', '0.00', 1, '2018-07-23 17:49:36', '2018-12-08 13:06:01', 1, 1, NULL, NULL, '1,50 x 1,20 m', '', 6, 1, 26, 17),
(42, 'RD-10034', '', 'RESPALDO DICARP ALTO 2,5 PLAZA (1,70 X 1,20)', '2600.00', '0.00', 1, '2018-07-23 17:51:15', '2018-12-08 13:06:36', 1, 1, NULL, NULL, '1,70 x 1,20 m', '', 6, 1, 26, 17),
(43, 'RD-10035', '', 'RESPALDO DICARP ALTO 3 PLAZA (1,90 X 0,90)', '2900.00', '0.00', 1, '2018-07-23 17:53:21', '2018-12-08 13:07:17', 1, 1, NULL, NULL, '1,90 x 1,20 m', '', 6, 1, 26, 17),
(44, 'RD-10036', '', 'RESPALDO DICARP ALTO 3,5 PLAZA (2,10 X 1,20)', '3300.00', '0.00', 1, '2018-07-23 17:55:44', '2018-12-08 13:07:51', 1, 1, NULL, NULL, '2,10 x 1,20 m', '', 6, 1, 26, 17),
(45, 'DF-1001', '', 'ALFOMBRA CHICA (40 X 50)', '50.00', '0.00', 1, '2018-07-23 17:59:04', '2018-12-10 09:56:43', 1, 1, NULL, NULL, '40 x 50 cm', '', 6, 1, 26, 11),
(46, 'CD-1001', '', 'COJINES DICARP (40 X 40)', '70.00', '0.00', 1, '2018-07-23 18:02:22', '2019-01-05 10:16:17', 1, 1, NULL, NULL, '40 x 40', '', 6, 1, 26, 11),
(47, 'BD-1002', '', 'COLCHON CONFORT BONNEL DICARP 1,5 PLAZA (1,05 X 1,90)', '1500.00', '0.00', 1, '2018-07-25 18:44:31', '2018-12-10 10:06:20', 1, 1, NULL, NULL, '1,05 x 1,90 m', '', 6, 1, 26, 18),
(48, 'CI-1001', '', 'COBERTOR IMPERMEABLE 1 PLAZA (0,85 X 1,90)', '220.00', '0.00', 1, '2018-07-26 11:50:32', '2018-12-17 16:54:00', 1, 1, NULL, NULL, '1,05 x 1,90 m', '', 6, 1, 26, 11),
(49, 'BD-1001', '', 'COLCHON CONFORT BONNEL DICARP 1 PLAZA (0,85 X 1,90)', '1000.00', '0.00', 1, '2018-07-26 15:21:25', '2018-12-10 10:06:41', 1, 1, NULL, NULL, '0,85 x 1,90', '', 6, 1, 26, 18),
(50, 'BD-1003', '', 'COLCHON CONFORT BONNEL DICARP 2 PLAZA (1,40 X 1,90)', '2000.00', '0.00', 1, '2018-07-26 15:23:38', '2018-12-10 10:07:35', 1, 1, NULL, NULL, '1,40 x 1,90 m', '', 6, 1, 26, 18),
(51, 'BD-1004', '', 'COLCHON CONFORT BONNEL DICARP 2,5 PLAZA (1,60 X 1,90)', '2500.00', '0.00', 1, '2018-07-26 15:24:22', '2018-12-10 10:08:35', 1, 1, NULL, NULL, '1,60 x 1,90', '', 6, 1, 26, 18),
(52, 'BD-1005', '', 'COLCHON CONFORT BONNEL DICARP 3 PLAZA (1,80 X 2,00)', '2800.00', '0.00', 1, '2018-07-26 15:24:56', '2018-12-10 10:09:27', 1, 1, NULL, NULL, '1,80 x 2 m', '', 6, 1, 26, 18),
(53, 'BD-1006', '', 'COLCHON CONFORT BONNEL DICARP 3,5 PLAZA (2,00 X 2,00)', '3200.00', '0.00', 1, '2018-07-26 15:26:14', '2018-12-10 10:10:37', 1, 1, NULL, NULL, '2 x 2 m', '', 6, 1, 26, 18),
(54, 'BPD-1001', '', 'COLCHON CONFORT BONNEL CON PILLOW DICARP 1 PLAZA (0,85 X 1,90)', '1400.00', '0.00', 1, '2018-07-26 15:29:10', '2018-12-10 10:25:04', 1, 1, NULL, NULL, '0,85 x 1,90', '', 6, 1, 26, 18),
(55, 'BPD-1002', '', 'COLCHON CONFORT BONNEL CON PILLOW DICARP 1,5 PLAZA (1,05 X 1,90)', '1900.00', '0.00', 1, '2018-07-26 15:30:17', '2018-12-10 10:25:47', 1, 1, NULL, NULL, '1,05 x 1,90 m', '', 6, 1, 26, 18),
(56, 'BPD-1003', '', 'COLCHON CONFORT BONNEL CON PILLOW DICARP 2 PLAZA (1,40 X 1,90)', '2400.00', '0.00', 1, '2018-07-26 15:31:55', '2018-12-10 10:28:36', 1, 1, NULL, NULL, '1,40 x 1,90 m', '', 6, 1, 26, 18),
(57, 'BPD-1004', '', 'COLCHON CONFORT BONNEL CON PILLOW DICARP 2,5 PLAZA (1,60 X 1,90)', '2900.00', '0.00', 1, '2018-07-26 15:32:56', '2018-12-10 10:29:15', 1, 1, NULL, NULL, '1,60 x 1,90 m', '', 6, 1, 26, 18),
(58, 'BPD-1006', '', 'COLCHON CONFORT BONNEL CON PILLOW DICARP 3 PLAZA (1,80 X 2,00)', '3400.00', '0.00', 1, '2018-07-26 15:36:12', '2018-12-10 10:29:55', 1, 1, NULL, NULL, '1,80 x 2 m', '', 6, 1, 26, 18),
(59, 'SD-1001', '', 'SOMMIER DICARP 1 PLAZA (0,85 X 1,90)', '900.00', '0.00', 1, '2018-12-07 19:12:54', '2018-12-10 10:32:45', 1, 1, NULL, NULL, '0,85 X 1,90', '', 6, 1, 26, 19),
(60, 'RD- 10040', '', 'RESPALDO DE MADERA CON CAPITONNE 2.5 PLAZA (1,70 X 0,90)', '3500.00', '0.00', 1, '2018-12-08 13:54:58', '2018-12-10 10:33:29', 1, 2, NULL, NULL, '0', '', 6, 1, 26, 11),
(61, 'BD-1007', '', 'COLCHON CONFORT BONNEL DICARP 2 PLAZA (1,33 X 1,90)', '2000.00', '0.00', 1, '2018-12-10 10:22:09', NULL, 1, 2, '1', '1', '1,33 X 1,90', '', 6, 1, 26, 11),
(62, 'BPD-1007', '', 'COLCHON CONFORT BONNEL CON PILLOW DICARP 3,5 PLAZA (2,00 X 2,00)', '3800.00', '0.00', 1, '2018-12-10 10:31:42', NULL, 1, 2, '1', '1', '2,00 x 2,00', '', 6, 1, 26, 11),
(63, 'SD-1002', '', 'SOMMIER DICARP 1,5 PLAZA (1,05 X 1,90)', '1000.00', '0.00', 1, '2018-12-10 10:37:11', NULL, 1, 2, '1', '1', '1,05 x 1,90', '', 6, 1, 26, 11),
(64, 'SD-1003', '', 'SOMMIER DICARP 2 PLAZA (1,40 X 1,90)', '1300.00', '0.00', 1, '2018-12-10 10:39:32', NULL, 1, 2, '1', '1', '1,40 x 1,90', '', 6, 1, 26, 11),
(65, 'SD-1004', '', 'SOMMIER DICARP 2,5 PLAZA (1,60 X 1,90)', '1600.00', '0.00', 1, '2018-12-10 10:40:57', NULL, 1, 2, '1', '1', '1,60 x 1,90', '', 6, 1, 26, 11),
(66, 'SD-1005', '', 'SOMMIER DICARP 3 PLAZA (2 PIEZAS) (0,90 X 2,00) C/U', '1900.00', '0.00', 1, '2018-12-10 10:42:30', '2018-12-10 10:48:18', 1, 2, NULL, NULL, '0,90 X 2,00', '', 6, 1, 26, 11),
(67, 'SD-1006', '', 'SOMMIER DICARP 3,5 PLAZA (2 PIEZAS) (1,00 X 2,00) C/U', '2000.00', '0.00', 1, '2018-12-10 10:43:19', '2018-12-10 10:47:45', 1, 2, NULL, NULL, '1,00 x 2,00', '', 6, 1, 26, 11),
(68, 'BAD-1001', '', 'COLCHON CONFORT BONNEL ALAS DICARP 1 PLAZA (0,85 X 1,90)', '1300.00', '0.00', 1, '2018-12-10 10:59:50', NULL, 1, 2, '1', '1', '0,85 X 1,90', '', 6, 1, 26, 11),
(69, 'BAD-1002', '', 'COLCHON CONFORT BONNEL ALAS DICARP 1,5 PLAZA (1,05 X 1,90)', '1800.00', '0.00', 1, '2018-12-10 11:00:53', NULL, 1, 2, '1', '1', '1,05 x 1,90', '', 6, 1, 26, 11),
(70, 'BAD-1003', '', 'COLCHON CONFORT BONNEL ALAS DICARP 2 PLAZA (1,40 X 1,90)', '2300.00', '0.00', 1, '2018-12-10 11:01:43', NULL, 1, 2, '1', '1', '1,40 x 1,90', '', 6, 1, 26, 11),
(71, 'BAD-1004', '', 'COLCHON CONFORT BONNEL ALAS DICARP 2,5 PLAZA (1,60 X 1,90)', '2800.00', '0.00', 1, '2018-12-10 11:02:40', NULL, 1, 2, '1', '1', '1,60 x 1,90', '', 6, 1, 26, 11),
(72, 'BAD-1005', '', 'COLCHON CONFORT BONNEL ALAS DICARP 3 PLAZA (1,80 X 2,00)', '3300.00', '0.00', 1, '2018-12-10 11:03:55', NULL, 1, 2, '1', '1', '1,80 X 2,00', '', 6, 1, 26, 11),
(73, 'BAD-1006', '', 'COLCHON CONFORT BONNEL ALAS DICARP 3,5 PLAZA (2,00 X 2,00)', '3700.00', '0.00', 1, '2018-12-10 11:04:43', NULL, 1, 2, '1', '1', '2,00 x 2,00', '', 6, 1, 26, 11),
(74, 'PD-1001', '', 'COLCHON CONFORT POCKET DICARP 1 PLAZA (0,85 X 1,90)', '2000.00', '0.00', 1, '2018-12-10 11:08:48', NULL, 1, 2, '1', '1', '0,85 X 1,90', '', 6, 1, 26, 11),
(75, 'PD- 1002', '', 'COLCHON CONFORT POCKET DICARP 1,5 PLAZA (1,05 X 1,90)', '2300.00', '0.00', 1, '2018-12-10 11:10:55', NULL, 1, 2, '1', '1', '1,05 X 1,90', '', 6, 1, 26, 11),
(76, 'PD-1003', '', 'COLCHON CONFORT POCKET DICARP 2 PLAZA (1,40 X 1,90)', '3000.00', '0.00', 1, '2018-12-10 11:18:14', NULL, 1, 2, '1', '1', '1,40 x 1,90', '', 6, 1, 26, 11),
(77, 'PD-1004', '', 'COLCHON CONFORT POCKET DICARP 2,5 PLAZA (1,60 X 1,90)', '3500.00', '0.00', 1, '2018-12-10 11:19:31', '2018-12-10 11:19:52', 1, 2, NULL, NULL, '1,60 x 1,90', '', 6, 1, 26, 11),
(78, 'PD-1005', '', 'COLCHON CONFORT POCKET DICARP 3 PLAZA (1,80 X 2,00)', '4000.00', '0.00', 1, '2018-12-10 11:21:28', NULL, 1, 2, '1', '1', '1,80 X 2,00', '', 6, 1, 26, 11),
(79, 'PD-1006', '', 'COLCHON CONFORT POCKET DICARP 3 ,5 PLAZA (2,00 X 2,00)', '4900.00', '0.00', 1, '2018-12-10 11:23:11', NULL, 1, 2, '1', '1', '2,00 x 2,00', '', 6, 1, 26, 11),
(80, 'PPD-1001', '', 'COLCHON CONFORT POCKET PILLOW DICARP 1 PLAZA (0,85 X 1,90)', '2500.00', '0.00', 1, '2018-12-10 11:33:31', NULL, 1, 2, '1', '1', '0,85 X 1,90', '', 6, 1, 26, 11),
(81, 'PPD-1002', '', 'COLCHON CONFORT POCKET PILLOW DICARP 1,5 PLAZA (1,05 X 1,90)', '2700.00', '0.00', 1, '2018-12-10 11:37:08', NULL, 1, 2, '1', '1', '1,05 X 1,90', '', 6, 1, 26, 11),
(82, 'PPD-1003', '', 'COLCHON CONFORT POCKET PILLOW DICARP 2 PLAZA (1,40 X 1,90)', '3400.00', '0.00', 1, '2018-12-10 11:42:45', NULL, 1, 2, '1', '1', '1,40 x 1,90', '', 6, 1, 26, 11),
(83, 'PPD-1004', '', 'COLCHON CONFORT POCKET PILLOW DICARP 2,5 PLAZA (1,60 X 1,90)', '3900.00', '0.00', 1, '2018-12-10 11:45:54', NULL, 1, 2, '1', '1', '1,60 x 1,90', '', 6, 1, 26, 11),
(84, 'PPD-1005', '', 'COLCHON CONFORT POCKET PILLOW DICARP 3 PLAZA (1,80 X 2,00)', '4400.00', '0.00', 1, '2018-12-10 11:47:10', NULL, 1, 2, '1', '1', '1,80 X 2,00', '', 6, 1, 26, 11),
(85, 'PPD-1006', '', 'COLCHON CONFORT POCKET PILLOW DICARP 3,5 PLAZA (2,00 X 2,00)', '5300.00', '0.00', 1, '2018-12-10 11:49:19', NULL, 1, 2, '1', '1', '2,00 x 2,00', '', 6, 1, 26, 11),
(86, 'PAD-1001', '', 'COLCHON CONFORT POCKET ALAS DICARP 1 PLAZA (0,85 X 1,90)', '2400.00', '0.00', 1, '2018-12-10 15:14:27', NULL, 1, 2, '1', '1', '0,85 X 1,90', '', 6, 1, 26, 11),
(87, 'PAD-1002', '', 'COLCHON CONFORT POCKET ALAS DICARP 1.5 PLAZA (1,05 X 1,90)', '2600.00', '0.00', 1, '2018-12-10 15:16:17', NULL, 1, 2, '1', '1', '1,05 x 1,90', '', 6, 1, 26, 11),
(88, 'PAD-1003', '', 'COLCHON CONFORT POCKET ALAS DICARP 2 PLAZA (1,40 X 1,90)', '3300.00', '0.00', 1, '2018-12-10 15:17:23', NULL, 1, 2, '1', '1', '1,40 x 1,90', '', 6, 1, 26, 11),
(89, 'PAD-1004', '', 'COLCHON CONFORT POCKET ALAS DICARP 2.5 PLAZA (1,60 X 1,90)', '3800.00', '0.00', 1, '2018-12-10 15:19:20', NULL, 1, 2, '1', '1', '1,60 x 1,90', '', 6, 1, 26, 11),
(90, 'PAD-1005', '', 'COLCHON CONFORT POCKET ALAS DICARP 3 PLAZA (1,80 X 2,00)', '4300.00', '0.00', 1, '2018-12-10 15:20:25', NULL, 1, 2, '1', '1', '1,80 X 2,00', '', 6, 1, 26, 11),
(91, 'PAD-1006', '', 'COLCHON CONFORT POCKET ALAS DICARP 3.5 PLAZA (2,00 X 2,00)', '5200.00', '0.00', 1, '2018-12-10 15:21:29', NULL, 1, 2, '1', '1', '2,00 x 2,00', '', 6, 1, 26, 11),
(92, 'PND-1001', '', 'COLCHON CONFORT POCKET NASA DICARP 1 PLAZA (0,85 X 1,90)', '3700.00', '0.00', 1, '2018-12-10 15:25:19', NULL, 1, 2, '1', '1', '0,85 X 1,90', '', 6, 1, 26, 11),
(93, 'PND-1002', '', 'COLCHON CONFORT POCKET NASA DICARP 1.5 PLAZA (1,05 X 1,90)', '3900.00', '0.00', 1, '2018-12-10 15:26:18', NULL, 1, 2, '1', '1', '1,05 x 1,90', '', 6, 1, 26, 11),
(94, 'PND-1003', '', 'COLCHON CONFORT POCKET NASA DICARP 2 PLAZA (1,40 X 1,90)', '4600.00', '0.00', 1, '2018-12-10 15:27:32', NULL, 1, 2, '1', '1', '1,40 x 1,90', '', 6, 1, 26, 11),
(95, 'PND-1004', '', 'COLCHON CONFORT POCKET NASA DICARP 2.5 PLAZA (1,60 X 1,90)', '5100.00', '0.00', 1, '2018-12-10 15:28:39', NULL, 1, 2, '1', '1', '1,60 x 1,90', '', 6, 1, 26, 11),
(96, 'PND-1005', '', 'COLCHON CONFORT POCKET NASA DICARP 3 PLAZA ( 1,80 X 2,00)', '5600.00', '0.00', 1, '2018-12-10 15:29:34', NULL, 1, 2, '1', '1', '1,80 X 2,00', '', 6, 1, 26, 11),
(97, 'PND-1006', '', 'COLCHON CONFORT POCKET NASA DICARP 3.5 PLAZA (2,00 X 2,00)', '6500.00', '0.00', 1, '2018-12-10 15:30:32', NULL, 1, 2, '1', '1', '2,00 x 2,00', '', 6, 1, 26, 11),
(98, 'OD-001', '', 'COLCHÓN ORTOPÉDICO DICARP 1 PLAZA (O,85 X 1,90)', '2000.00', '0.00', 1, '2018-12-11 09:19:23', '2019-01-05 10:14:31', 1, 2, NULL, NULL, '0', '', 6, 1, 26, 11),
(99, 'OD-002', '', 'COLCHÓN ORTOPÉDICO DICARP 1.5 PLAZA (1,05 X 1,90)', '2300.00', '0.00', 1, '2018-12-11 09:20:42', NULL, 1, 2, '1', '1', '0', '', 6, 1, 26, 11),
(100, 'OD-003', '', 'COLCHÓN ORTOPÉDICO DICARP 2 PLAZA (1,40 X 1,90)', '3000.00', '0.00', 1, '2018-12-11 09:21:44', NULL, 1, 2, '1', '1', '0', '', 6, 1, 26, 11),
(101, 'OD- 004', '', 'COLCHÓN ORTOPÉDICO DICARP 2.5 PLAZA (1,60 X 1,90)', '3700.00', '0.00', 1, '2018-12-11 09:22:44', NULL, 1, 2, '1', '1', '0', '', 6, 1, 26, 11),
(102, 'OD-005', '', 'COLCHÓN ORTOPÉDICO DICARP 3 PLAZA ( 1,80 X 2,00)', '4500.00', '0.00', 1, '2018-12-11 09:23:39', NULL, 1, 2, '1', '1', '0', '', 6, 1, 26, 11),
(103, 'OD-006', '', 'COLCHON ORTOPEDICO DICARP 3.5 PLAZA (2,00 X 2,00)', '4800.00', '0.00', 1, '2018-12-11 09:24:23', '2019-01-05 10:15:24', 1, 2, NULL, NULL, '0', '', 6, 1, 26, 11),
(104, 'SCD-001', '', 'SOFA CAMA DICARP 1 PLAZA (0,85 X 1,90)', '1100.00', '0.00', 1, '2018-12-11 09:26:15', NULL, 1, 2, '1', '1', '0', '', 6, 1, 26, 11),
(105, 'SCD-002', '', 'SOFÁ CAMA DICARP 1.5 PLAZA (1,05 X 1,90)', '1300.00', '0.00', 1, '2018-12-11 09:27:28', NULL, 1, 2, '1', '1', '0', '', 6, 1, 26, 11),
(106, 'SCD-003', '', 'SOFA CAMA DICARP 2 PLAZA (1,40 X 1,90)', '1600.00', '0.00', 1, '2018-12-11 09:29:25', NULL, 1, 2, '1', '1', '0', '', 6, 1, 26, 11),
(107, 'SCD-004', '', 'SOFA CAMA DICARP 2.5 PLAZA (1,60 X 1,90)', '1800.00', '0.00', 1, '2018-12-11 09:30:02', '2018-12-11 09:32:21', 1, 2, NULL, NULL, '0', '', 6, 1, 26, 11),
(108, 'CP-001', '', 'COBERTOR COLCHONETA ESPUMA ALTA DENSIDAD DE 5CM DE ESPESOR DICARP 1 PLAZA (0,85 X 1,90)', '400.00', '0.00', 1, '2018-12-11 11:52:18', NULL, 1, 2, '1', '1', '0', '', 6, 1, 26, 11),
(109, 'CP-002', '', 'COBERTOR COLCHONETA ESPUMA ALTA DENSIDAD DE 5CM DE ESPESOR DICARP 2 PLAZA (1,05 X 1,90)', '450.00', '0.00', 1, '2018-12-12 10:23:40', NULL, 1, 2, '1', '1', '0', '', 6, 1, 26, 11),
(110, 'CP-003', '', 'COBERTOR COLCHONETA ESPUMA ALTA DENSIDAD DE 5 CM DE ESPESOR DICARP 2 PLAZA (1,40 X 1,90)', '500.00', '0.00', 1, '2018-12-12 10:24:41', NULL, 1, 2, '1', '1', '0', '', 6, 1, 26, 11),
(111, 'CP-004', '', 'COBERTOR COLCHONETA ESPUMA ALTA DENSIDAD DE 5CM DE ESPESOR DICARP 2.5 PLAZA (1,60 X 1,90)', '550.00', '0.00', 1, '2018-12-12 10:25:37', NULL, 1, 2, '1', '1', '0', '', 6, 1, 26, 11),
(112, 'CP-005', '', 'COBERTOR COLCHONETA ESPUMA ALTA DENSIDAD DE 5 CM DE ESPESOR 3 PLAZA (1,80 X 2,00)', '650.00', '0.00', 1, '2018-12-12 10:26:44', NULL, 1, 2, '1', '1', '0', '', 6, 1, 26, 11),
(113, 'CP-006', '', 'COBERTOR COLCHONETA ESPUMA ALTA DENSIDAD DE 5 CM DE ESPESOR DICARP 3.5 PLAZA (2,00 X 2,00)', '700.00', '0.00', 1, '2018-12-12 10:27:54', NULL, 1, 2, '1', '1', '0', '', 6, 1, 26, 11),
(114, 'CS-001', '', 'COBERTOR COLCHONETA ESPUMA ALTA DENSIDAD DE 5 CM DE ESPESOR DICARP 1 PLAZA', '700.00', '0.00', 1, '2018-12-12 10:32:04', NULL, 1, 2, '1', '1', '0', '', 6, 1, 26, 11),
(115, 'CS-002', '', 'COBERTOR COLCHONETA ESPUMA SOFT DENSIDAD DE 5CM DE ESPESOR DICARP 1.5 PLAZA (1,05 X 1,90)', '800.00', '0.00', 1, '2018-12-12 10:42:49', NULL, 1, 2, '1', '1', '0', '', 6, 1, 26, 11),
(116, 'CS-003', '', 'COBERTOR COLCHONETA ESPUMA SOFT DENSIDAD DE 5CM DE ESPESOR DICARP 2 PLAZA (1,40 X 1,90)', '1000.00', '0.00', 1, '2018-12-12 10:44:09', NULL, 1, 2, '1', '1', '0', '', 6, 1, 26, 11),
(117, 'CS-004', '', 'COBERTOR COLCHONETA ESPUMA SOFT DENSIDAD DE 5CM DE ESPESOR DICARP 2.5 PLAZA (1,60 X 1,90)', '1200.00', '0.00', 1, '2018-12-12 10:45:31', NULL, 1, 2, '1', '1', '0', '', 6, 1, 26, 11),
(118, 'CS-005', '', 'COBERTOR COLCHONETA ESPUMA SOFT DENSIDAD DE 5M DE ESPESOR DICARP 3 PLAZA (1,80 X 2,00)', '1400.00', '0.00', 1, '2018-12-12 10:47:11', NULL, 1, 2, '1', '1', '0', '', 6, 1, 26, 11),
(119, 'CS-006', '', 'COBERTOR COLCHONETA ESPUMA SOFT DENSIDAD 5CM DE ESPESOR DICARP 3.5 PLAZA (2,00 X 2,OO)', '1600.00', '0.00', 1, '2018-12-12 10:49:41', NULL, 1, 2, '1', '1', '0', '', 6, 1, 26, 11),
(120, 'CN-001', '', 'COBERTOR COLCHONETA ESPUMA NASA DICARP 1 PLAZA (0.85 X 1.90)', '900.00', '0.00', 1, '2018-12-12 10:55:10', '2018-12-12 11:00:58', 1, 2, NULL, NULL, '0', '', 6, 1, 26, 11),
(121, 'CN-002', '', 'COBERTOR COLCHONETA ESPUMA NASA DICARP 1.5 PLAZA (1.05 X 1.90)', '1000.00', '0.00', 1, '2018-12-12 10:56:54', NULL, 1, 2, '1', '1', '0', '', 6, 1, 26, 11),
(122, 'CN-003', '', 'COBERTOR COLCHONETA ESPUMA NASA DICARP 2 PLAZA (1,40 X 1,90)', '1200.00', '0.00', 1, '2018-12-12 10:57:43', NULL, 1, 2, '1', '1', '0', '', 6, 1, 26, 11),
(123, 'CN-004', '', 'COBERTOR COLCHONETA ESPUMA NASA DICARP 2.5 PLAZA (1.60 X 1.90)', '1400.00', '0.00', 1, '2018-12-12 10:58:38', NULL, 1, 2, '1', '1', '0', '', 6, 1, 26, 11),
(124, 'CN-005', '', 'COBERTOR COLCHONETA ESPUMA NASA DICARP 3 PLAZA (1.80 X 1.90)', '1600.00', '0.00', 1, '2018-12-12 10:59:33', NULL, 1, 2, '1', '1', '0', '', 6, 1, 26, 11),
(125, 'CN-006', '', 'COBERTOR COLCHONETA ESPUMA NASA DICARP 3.5 PLAZA (2,00 X 2,00)', '1800.00', '0.00', 1, '2018-12-12 11:00:29', NULL, 1, 2, '1', '1', '0', '', 6, 1, 26, 11),
(126, 'DD-1001', '', 'CATRE TIPO SOMMIER DOBLE DICARP 1 PLAZA (0,85 X 1,90)', '1500.00', '0.00', 1, '2018-12-12 15:22:19', NULL, 1, 2, '1', '1', '0', '', 6, 1, 26, 11),
(127, 'DD-1002', '', 'CATRE TIPO SOMMIER DOBLE DICARP 1.5 PLAZA (1,05 X 1,90)', '2000.00', '0.00', 1, '2018-12-12 15:25:19', NULL, 1, 2, '1', '1', '0', '', 6, 1, 26, 11),
(128, 'DD-1003', '', 'CATRE TIPO SOMMIER DOBLE DICARP 2 PLAZA (1,40 X 1,90)', '2500.00', '0.00', 1, '2018-12-12 15:27:06', NULL, 1, 2, '1', '1', '0', '', 6, 1, 26, 11),
(129, 'DD-1004', '', 'CATRE TIPO SOMMIER DOBLE DICARP 2.5 PLAZA (1,60 X 1,90)', '3000.00', '0.00', 1, '2018-12-13 09:28:34', NULL, 1, 2, '1', '1', '0', '', 6, 1, 26, 11),
(130, 'DD-1005', '', 'CATRE TIPO SOMMIER DOBLE DICARP 3 PLAZA (1,80 X 1,90)', '3300.00', '0.00', 1, '2018-12-13 09:29:24', NULL, 1, 2, '1', '1', '0', '', 6, 1, 26, 11),
(131, 'DD-1006', '', 'CATRE TIPO SOMMIER DOBLE DICARP 3.5 PLAZA (2,00 X 2,00)', '3600.00', '0.00', 1, '2018-12-13 09:30:35', NULL, 1, 2, '1', '1', '0', '', 6, 1, 26, 11),
(132, 'ED-1001', '', 'EDREDON ANTIALERGICO DICARP 1 PLAZA', '280.00', '0.00', 1, '2018-12-13 09:43:37', '2018-12-13 09:46:44', 1, 2, NULL, NULL, '0', '', 6, 1, 26, 11),
(133, 'ED-1002', '', 'EDREDON ANTIALERGICO DICARP 1.5 PLAZA (2,30 X 1,65)', '300.00', '0.00', 1, '2018-12-13 09:44:12', '2018-12-13 09:46:28', 1, 2, NULL, NULL, '0', '', 6, 1, 26, 11),
(134, 'ED-1003', '', 'EDREDON ANTIALERGICO DICARP 2 PLAZA (2,30 X 2,00)', '350.00', '0.00', 1, '2018-12-13 09:45:45', NULL, 1, 2, '1', '1', '0', '', 6, 1, 26, 11),
(135, 'ED-1004', '', 'EDREDON ANTIALERGICO DICARP 2.5 PLAZA (2,30 X 2,20)', '400.00', '0.00', 1, '2018-12-13 09:48:14', NULL, 1, 2, '1', '1', '0', '', 6, 1, 26, 11),
(136, 'ED-1005', '', 'EDREDON ANTIALERGICO DICARP 3 PLAZA (2,30 X 2,40)', '470.00', '0.00', 1, '2018-12-13 09:48:57', NULL, 1, 2, '1', '1', '0', '', 6, 1, 26, 11),
(137, 'ED-1006', '', 'EDREDON ANTIALERGICO DICARP 3.5 PLAZA (2,30 X 2,60)', '550.00', '0.00', 1, '2018-12-13 09:49:33', NULL, 1, 2, '1', '1', '0', '', 6, 1, 26, 11),
(138, 'TD-1001', '', 'CATRE TAJIBO DICARP 1 PLAZA (0,85 X 1,90)', '2000.00', '0.00', 1, '2018-12-13 09:53:37', '2018-12-17 16:28:29', 1, 2, NULL, NULL, '0', '', 6, 1, 26, 11),
(139, 'TD-1002', '', 'CATRE TAJIBO DICARP 1.5 PLAZA (1,05 X 1,90)', '2500.00', '0.00', 1, '2018-12-13 09:54:15', '2018-12-17 16:28:57', 1, 2, NULL, NULL, '0', '', 6, 1, 26, 11),
(140, 'TD-1003', '', 'CATRE TAJIBO DICARP 2 PLAZA (1,40 X 1,90)', '3000.00', '0.00', 1, '2018-12-13 09:55:12', '2018-12-17 16:29:26', 1, 2, NULL, NULL, '0', '', 6, 1, 26, 11),
(141, 'TD-1004', '', 'CATRE TAJIBO DICARP 2.5 PLAZA (1,60 X 1,90)', '3400.00', '0.00', 1, '2018-12-13 09:55:51', '2018-12-17 16:30:04', 1, 2, NULL, NULL, '0', '', 6, 1, 26, 11),
(142, 'TD-1005', '', 'CATRE TAJIBO DICARP 3 PLAZA (1,80 X 1,90)', '3800.00', '0.00', 1, '2018-12-13 09:57:52', '2018-12-17 16:30:42', 1, 2, NULL, NULL, '0', '', 6, 1, 26, 11),
(143, 'TD-1006', '', 'CATRE TAJIBO DICARP 3.5 PLAZA (2,00 X 2,00)', '4500.00', '0.00', 1, '2018-12-13 09:58:32', '2018-12-17 16:31:11', 1, 2, NULL, NULL, '0', '', 6, 1, 26, 11),
(144, 'AX-1003', '', 'ALMOHADA DUOFLEX LAVABLE (50 X 70)', '200.00', '99.00', 1, '2018-12-13 15:39:52', '2018-12-13 15:43:11', 1, 2, NULL, NULL, '0', '', 6, 1, 26, 11),
(145, 'AX-1004', '', 'ALMOHADA TRIANGULAR DUOFLEX (38 X 38 X 53)', '230.00', '125.00', 1, '2018-12-13 15:42:11', '2018-12-13 15:42:48', 1, 2, NULL, NULL, '0', '', 6, 1, 26, 11),
(146, 'CTS- 1006', '', 'CATRE TIPO SOMMIER 3.5 PLAZA (2.00 X 2,00)', '3100.00', '0.00', 1, '2018-12-13 17:35:18', NULL, 1, 2, '1', '1', '0', '', 6, 1, 26, 11),
(147, 'CTS-1001', '', 'CATRE TIPO SOMMIER 1 PLAZA (0,85 X 1,90)', '1200.00', '0.00', 1, '2018-12-17 16:23:15', NULL, 1, 2, '1', '1', '0', '', 6, 1, 26, 11),
(148, 'CTS-1002', '', 'CATRE TIPO SOMMIER 1.5 PLAZA (1,05 X 1,90)', '1500.00', '0.00', 1, '2018-12-17 16:24:42', NULL, 1, 2, '1', '1', '0', '', 6, 1, 26, 11),
(149, 'CTS - 1003', '', 'CATRE TIPO SOMMIER 2 PLAZA (1,05 X 1,90)', '2000.00', '0.00', 1, '2018-12-17 16:45:06', NULL, 1, 2, '1', '1', '0', '', 6, 1, 26, 11),
(150, 'CTS - 1004', '', 'CATRE TIPO SOMMIER 2.5 PLAZA (1,40 X 1,90)', '2500.00', '0.00', 1, '2018-12-17 16:45:56', NULL, 1, 2, '1', '1', '0', '', 6, 1, 26, 11),
(151, 'CTS - 1005', '', 'CATRE TIPO SOMMIER 3 PLAZA (1,80 X 2,00)', '2800.00', '0.00', 1, '2018-12-17 16:48:27', NULL, 1, 2, '1', '1', '0', '', 6, 1, 26, 11),
(152, 'CI - 1002', '', 'COBERTOR IMPERMEABLE 1.5 PLAZA (1,05 X 1,90)', '250.00', '0.00', 1, '2018-12-17 16:55:03', NULL, 1, 2, '1', '1', '0', '', 6, 1, 26, 11),
(153, 'CI - 1003', '', 'COBERTOR IMPERMEABLE 2 PLAZA (1,40 X 1,90)', '280.00', '0.00', 1, '2018-12-17 16:55:51', NULL, 1, 2, '1', '1', '0', '', 6, 1, 26, 11),
(154, 'PRO - 1001', '', 'PROMOCIÓN COLCHÓN BONNEL MAS SOMMIER 2 PLAZAS (1,40 X 1,90)', '1900.00', '0.00', 1, '2018-12-21 10:18:08', '2019-01-03 15:09:29', 1, 2, NULL, NULL, '1,40X190', '', 6, 1, 26, 11),
(155, 'DC - 1001', '', 'CANAPE DICARP 1 PLAZA (0,85 X 1,90)', '2000.00', '0.00', 1, '2018-12-22 13:20:16', '2019-01-05 10:10:57', 1, 2, NULL, NULL, '0', '', 6, 1, 26, 11),
(156, 'DC - 1002', '', 'CANAPE DICARP 1,5 PLAZA (1,05 X 1,90)', '2500.00', '0.00', 1, '2018-12-22 13:26:20', '2019-01-05 10:11:25', 1, 2, NULL, NULL, '0', '', 6, 1, 26, 11),
(157, 'DC - 1003', '', 'CANAPE DICARP 2 PLAZA (1,40 X 1,90)', '3500.00', '0.00', 1, '2018-12-22 13:26:48', '2019-01-05 10:11:44', 1, 2, NULL, NULL, '0', '', 6, 1, 26, 11),
(158, 'DC - 1004', '', 'CANAPE DICARP 2.5 PLAZA (1,60 X 1,90)', '4000.00', '0.00', 1, '2018-12-22 13:27:25', '2019-01-05 10:12:00', 1, 2, NULL, NULL, '0', '', 6, 1, 26, 11),
(159, 'DC - 1005', '', 'CANAPE DICARP 3 PLAZA (1,80 X 2)', '5000.00', '0.00', 1, '2018-12-22 13:28:10', '2019-01-05 10:12:16', 1, 2, NULL, NULL, '0', '', 6, 1, 26, 11),
(160, 'DC - 1006', '', 'CANAPE DICARP 3.5 PLAZA (2 X 2)', '5500.00', '0.00', 1, '2018-12-22 13:28:34', '2019-01-05 10:12:33', 1, 2, NULL, NULL, '0', '', 6, 1, 26, 11),
(161, 'DZ - 1001', '', 'CANAPE CON ZAPATERO DICARP 1 PLAZA (0,85 X 1,90)', '2500.00', '0.00', 1, '2018-12-22 13:32:44', '2019-01-05 10:08:47', 1, 2, NULL, NULL, '0', '', 6, 1, 26, 11),
(162, 'DZ - 1002', '', 'CANAPE CON ZAPATERO DICARP 1.5 PLAZA (1,05 X 1,90)', '3000.00', '0.00', 1, '2018-12-22 13:33:39', '2019-01-05 10:09:14', 1, 2, NULL, NULL, '0', '', 6, 1, 26, 11),
(163, 'DZ - 1003', '', 'CANAPE CON ZAPATERO DICARP 2 PLAZA ( 1,40 X 1,90)', '4000.00', '0.00', 1, '2018-12-22 13:34:39', '2019-01-05 10:09:32', 1, 2, NULL, NULL, '0', '', 6, 1, 26, 11),
(164, 'DZ - 1004', '', 'CANAPE CON ZAPATERO DICARP 2.5 PLAZA (1,60 X 1,90)', '4500.00', '0.00', 1, '2018-12-22 13:35:11', '2019-01-05 10:09:48', 1, 2, NULL, NULL, '0', '', 6, 1, 26, 11),
(165, 'DZ - 1005', '', 'CANAPE CON ZAPATERO DICARP 3 PLAZA (1,80 X 2,00)', '5500.00', '0.00', 1, '2018-12-22 13:36:05', '2019-01-05 10:10:04', 1, 2, NULL, NULL, '0', '', 6, 1, 26, 11),
(166, 'DZ - 1006', '', 'CANAPE CON ZAPATERO DICARP 3.5 PLAZA ( 2,00 X 2,00)', '6000.00', '0.00', 1, '2018-12-22 13:36:33', '2019-01-05 10:10:18', 1, 2, NULL, NULL, '0', '', 6, 1, 26, 11),
(167, 'SH - 1003', '', 'SABANA HINDUES 2 PLAZAS', '300.00', '0.00', 1, '2018-12-24 11:50:58', NULL, 1, 2, '1', '1', '0', '', 6, 1, 26, 11),
(168, 'SH - 1004', '', 'SABANA HINDUES 2.5 PLAZA', '370.00', '0.00', 1, '2018-12-24 11:51:30', NULL, 1, 2, '1', '1', '0', '', 6, 1, 26, 11),
(169, 'SH - 1005', '', 'SABANA HINDUES 3 Y 3.5 PLAZA', '400.00', '0.00', 1, '2018-12-24 11:52:31', NULL, 1, 2, '1', '1', '0', '', 6, 1, 26, 11),
(170, 'PRO - 1002', '', 'PROMOCION COLCHON BONNEL 2 PLAZA ( 1,40 X 1,90)', '1200.00', '0.00', 1, '2018-12-28 10:49:05', '2019-01-09 15:32:08', 1, 2, NULL, NULL, '1,40 x 1,90', '', 6, 1, 26, 18),
(171, 'PRO - 1003', '', 'PROMOCION COLCHON BONNEL 1.5 PLAZA (1,05 X 1,90)', '1600.00', '0.00', 1, '2019-01-03 15:11:58', NULL, 1, 2, '1', '1', '0', '', 6, 1, 26, 11),
(172, 'CDC -1001', '', 'COLCHON DICARP (1,30 X 0,67)', '450.00', '0.00', 1, '2019-01-03 18:47:32', NULL, 1, 2, '1', '1', '0', '', 6, 1, 26, 11),
(173, 'CPD - 1001', '', 'COLCHON PARA PETS  (60 X 40)', '200.00', '0.00', 1, '2019-01-03 18:57:46', NULL, 1, 2, '1', '1', '0', '', 6, 1, 26, 11),
(174, 'XXX', '', 'ABONO A CUENTA', '0.00', '0.00', 1, '2019-01-04 18:07:50', '2019-01-05 09:56:12', 1, 2, NULL, NULL, '0', '', 6, 1, 26, 18),
(175, 'TRA-1001', '', 'TRABAJO EN CUERO AMERICANO', '240.00', '0.00', 1, '2019-01-05 16:27:25', NULL, 1, 2, '1', '1', '0', '', 6, 1, 26, 11),
(176, 'MILD - 1001', '', 'DIFUSOR AROMATIZANTE AMBIENTAL', '120.00', '0.00', 1, '2019-01-07 18:36:03', NULL, 1, 2, '1', '1', '0', '', 6, 1, 26, 11),
(177, 'MILP - 1001', '', 'PERFUME PARA TELAS CON SPLASH', '60.00', '0.00', 1, '2019-01-07 18:36:52', NULL, 1, 2, '1', '1', '0', '', 6, 1, 26, 11),
(178, 'MILPR - 1001', '', 'PERFUME PARA TELA / RESPUESTO', '55.00', '0.00', 1, '2019-01-07 18:37:27', NULL, 1, 2, '1', '1', '0', '', 6, 1, 26, 11),
(179, 'MILDS - 1001', '', 'SUAVIZANTE PARA ROPA', '30.00', '0.00', 1, '2019-01-07 18:38:41', NULL, 1, 2, '1', '1', '0', '', 6, 1, 26, 11),
(180, 'CBDP-1001', '', 'COLCHON BONNEL DOBLE PILLOW DICARP 1 PLAZA (0,85X1,90)', '500.00', '0.00', 1, '2019-01-09 19:30:35', NULL, 1, 2, '1', '1', '0', '', 6, 1, 26, 18),
(181, 'CBDP-1002', '', 'COLCHON BONNEL DOBLE PILLOW DICARP 1,5PLAZAS(1,05X1,90)', '550.00', '0.00', 1, '2019-01-09 19:31:22', NULL, 1, 2, '1', '1', '0', '', 6, 1, 26, 18),
(182, 'CBDP-1003', '', 'COLCHON BONNEL DOBLE PILLOW DICARP 2 PLAZA (1,40 X 1,90)', '700.00', '0.00', 1, '2019-01-09 19:31:44', NULL, 1, 2, '1', '1', '0', '', 6, 1, 26, 18),
(183, 'CBDP-1004', '', 'COLCHON BONNEL DOBLE PILLOW DICARP 2.5 PLAZA (1.60 X 1.90)', '900.00', '0.00', 1, '2019-01-09 19:32:08', NULL, 1, 2, '1', '1', '0', '', 6, 1, 26, 18),
(184, 'PAG-1001', '', 'PAGO DE CUOTAS', '0.00', '0.00', 1, '2019-01-10 19:31:43', NULL, 1, 2, '1', '1', '0', '', 6, 1, 26, 11),
(185, 'PAG-1002', '', 'INGRESO POR CUENTA BANCO A VENTAS', '0.00', '0.00', 1, '2019-01-21 15:26:41', NULL, 1, 2, '1', '1', '0', '', 6, 1, 26, 11),
(186, 'PCZ-1001', '', 'PIE DE CAMA CON ZAPATERO CHICO', '900.00', '0.00', 1, '2019-01-21 20:30:22', NULL, 1, 2, '1', '1', '0', '', 6, 1, 26, 11),
(187, 'PCZ-1002', '', 'PIE DE CAMA CON ZAPATERO GRANDE', '1400.00', '0.00', 1, '2019-01-21 20:30:49', NULL, 1, 2, '1', '1', '0', '', 6, 1, 26, 11),
(188, 'PFD-1001', '', 'PUFF DICARP CHICO', '550.00', '0.00', 1, '2019-01-21 20:32:09', NULL, 1, 2, '1', '1', '0', '', 6, 1, 26, 11),
(189, 'PFD-1002', '', 'PUFF DICARP GRANDE', '700.00', '0.00', 1, '2019-01-21 20:32:31', NULL, 1, 2, '1', '1', '0', '', 6, 1, 26, 11),
(190, 'POL-1001', '', 'POLTRONA DICARP', '3300.00', '0.00', 1, '2019-01-21 20:34:40', NULL, 1, 2, '1', '1', '0', '', 6, 1, 26, 11);

-- --------------------------------------------------------

--
-- Estructura de tabla para la tabla `producto_inventario`
--

CREATE TABLE IF NOT EXISTS `producto_inventario` (
`id` bigint(20) NOT NULL,
  `cantidad_ingresada` bigint(20) DEFAULT NULL,
  `ingreso_id` bigint(20) DEFAULT NULL,
  `producto_id` bigint(20) DEFAULT NULL,
  `precio_venta` decimal(20,2) DEFAULT NULL,
  `cantidad` bigint(20) DEFAULT NULL,
  `cantidad_produccion` bigint(20) NOT NULL,
  `unidad_id` bigint(20) DEFAULT NULL
) ENGINE=InnoDB AUTO_INCREMENT=53 DEFAULT CHARSET=latin1;

--
-- Volcado de datos para la tabla `producto_inventario`
--

INSERT INTO `producto_inventario` (`id`, `cantidad_ingresada`, `ingreso_id`, `producto_id`, `precio_venta`, `cantidad`, `cantidad_produccion`, `unidad_id`) VALUES
(1, 2, 1, 49, '1000.00', 0, 0, 1),
(2, 2, 2, 59, '900.00', 0, 0, 1),
(4, 1, 5, 77, '3500.00', 0, 0, 1),
(5, 1, 5, 65, '1600.00', 0, 0, 1),
(6, 10, 6, 2, '180.00', 2, 0, 1),
(7, 2, 6, 144, '200.00', 2, 0, 1),
(8, 1, 6, 145, '230.00', 2, 0, 1),
(9, 1, 7, 91, '5200.00', 0, 0, 1),
(10, 1, 7, 146, '3100.00', 0, 0, 1),
(11, 8, 9, 50, '2000.00', 0, 0, 1),
(12, 3, 10, 47, '1500.00', 13, 0, 1),
(13, 1, 11, 154, '1900.00', 2, 1, 1),
(14, 3, 12, 4, '100.00', 0, 0, 1),
(15, 7, 17, 167, '300.00', 0, 0, 1),
(16, 1, 21, 51, '2500.00', 0, 0, 1),
(17, 3, 22, 64, '1300.00', 0, 0, 1),
(18, 1, 26, 170, '1250.00', 0, 0, 1),
(19, 1, 34, 172, '450.00', 0, 0, 1),
(20, 1, 34, 121, '1000.00', 0, 0, 1),
(21, 1, 35, 173, '200.00', 0, 0, 1),
(22, 50, 38, 174, '0.00', 37, 0, 1),
(23, 1, 39, 8, '200.00', 2, 0, 1),
(24, 1, 41, 175, '240.00', 0, 0, 1),
(25, 1, 44, 163, '4000.00', 0, 0, 1),
(26, 1, 44, 76, '3000.00', 0, 0, 1),
(27, 6, 45, 176, '120.00', 5, 0, 1),
(28, 6, 45, 177, '60.00', 6, 0, 1),
(29, 2, 45, 178, '55.00', 2, 0, 1),
(30, 4, 45, 179, '30.00', 4, 0, 1),
(31, 1, 50, 17, '1300.00', 0, 0, 1),
(35, 30, 55, 182, '700.00', 0, 0, 1),
(36, 1, 58, 180, '500.00', 0, 0, 1),
(37, 50, 61, 184, '0.00', 39, 0, 1),
(38, 3, 63, 181, '550.00', 0, 0, 1),
(39, 1, 69, 74, '2000.00', 0, 0, 1),
(40, 1, 72, 122, '1200.00', 0, 0, 1),
(41, 2, 76, 183, '900.00', 0, 0, 1),
(42, 50, 78, 185, '0.00', 47, 0, 1),
(43, 3, 79, 188, '550.00', 1, 0, 1),
(44, 3, 79, 189, '700.00', 1, 0, 1),
(45, 2, 79, 190, '3300.00', 0, 0, 1),
(46, 1, 79, 186, '900.00', 0, 0, 1),
(47, 1, 79, 187, '1400.00', 0, 0, 1),
(48, 1, 81, 169, '400.00', 1, 0, 1),
(49, 1, 82, 60, '3500.00', 0, 0, 1),
(50, 1, 92, 79, '4900.00', 0, 0, 1),
(51, 1, 94, 168, '370.00', 1, 0, 1),
(52, 1, 95, 63, '1000.00', 0, 0, 1);

-- --------------------------------------------------------

--
-- Estructura de tabla para la tabla `proforma`
--

CREATE TABLE IF NOT EXISTS `proforma` (
`id` bigint(20) NOT NULL,
  `fecha` date DEFAULT NULL,
  `hora` text,
  `subtotal` decimal(20,2) DEFAULT NULL,
  `descuento` decimal(20,2) DEFAULT NULL,
  `total` decimal(20,2) DEFAULT NULL,
  `cliente_id` bigint(20) DEFAULT NULL,
  `nro_proforma` bigint(20) DEFAULT NULL,
  `nota` text NOT NULL,
  `estado` smallint(6) DEFAULT NULL,
  `tipo_venta` text,
  `sucursal_id` bigint(20) DEFAULT NULL,
  `usuario_id` bigint(20) DEFAULT NULL
) ENGINE=InnoDB AUTO_INCREMENT=21 DEFAULT CHARSET=latin1;

--
-- Volcado de datos para la tabla `proforma`
--

INSERT INTO `proforma` (`id`, `fecha`, `hora`, `subtotal`, `descuento`, `total`, `cliente_id`, `nro_proforma`, `nota`, `estado`, `tipo_venta`, `sucursal_id`, `usuario_id`) VALUES
(1, '2018-12-07', '19:44:24', NULL, NULL, NULL, 1, 1, 'sommier deben ser color plomo o gris\r\n                                    ', 2, 'nota', 2, 1),
(2, '2018-12-08', '16:15:14', NULL, NULL, NULL, 1, 2, '\r\n                                   COLOR DE MADERA MARRON OSCURO Y CAPITONNE NEGRO', 2, 'nota', 2, 1),
(3, '2018-12-12', '09:16:45', '5000.00', '0.00', '5000.00', 4, 3, '\r\n                                    ', 1, 'nota', 2, 1),
(4, '2018-12-12', '09:17:49', '6000.00', '0.00', '6000.00', 1, 4, '\r\n                                    ', 1, 'nota', 2, 1),
(5, '2018-12-12', '09:18:44', '6000.00', '0.00', '6000.00', 4, 5, '\r\n                                    ', 1, 'nota', 2, 1),
(6, '2018-12-12', '09:19:59', '6000.00', '0.00', '6000.00', 4, 6, '\r\n                                    ', 1, 'nota', 2, 1),
(7, '2018-12-12', '09:46:07', '73500.00', '0.00', '73500.00', 4, 7, '\r\n                                    ', 1, 'nota', 2, 1),
(8, '2018-12-12', '09:48:09', '126000.00', '0.00', '126000.00', 4, 8, '\r\n                                    ', 1, 'nota', 2, 1),
(9, '2018-12-17', '09:09:18', '3300.00', '0.00', '3300.00', 6, 9, '\r\n                                    ', 1, 'nota', 2, 1),
(10, '2018-12-19', '16:03:52', '6840.00', '300.00', '6540.00', 10, 10, '\r\n                                    ', 1, 'nota', 2, 1),
(11, '2019-01-11', '18:26:48', '2500.00', '200.00', '2300.00', 54, 11, '\r\n                                    ', 1, 'nota', 2, 2),
(12, '2019-01-12', '14:28:21', '5100.00', '0.00', '5100.00', 56, 12, '\r\n                                    ', 1, 'nota', 2, 2),
(13, '2019-01-15', '15:34:58', NULL, NULL, NULL, 59, 13, '\r\n                                    MEDIDA EXACTA DE COLCHON 0,87X1,78', 2, 'nota', 2, 2),
(14, '2019-01-15', '15:36:57', NULL, NULL, NULL, 60, 14, '\r\n                                    TODO COLOR CAFE, ALTURA Y TAPA', 2, 'nota', 2, 2),
(15, '2019-01-16', '15:35:48', '6500.00', '0.00', '6500.00', 66, 15, '\r\n                                    ', 1, 'nota', 2, 1),
(16, '2019-01-19', '10:18:36', '4000.00', '0.00', '4000.00', 75, 16, '\r\n                                    ', 1, 'nota', 2, 2),
(17, '2019-01-19', '12:07:30', '5000.00', '0.00', '5000.00', 76, 17, '\r\n                                    ', 1, 'nota', 2, 2),
(18, '2019-01-19', '12:10:20', '5200.00', '0.00', '5200.00', 76, 18, '\r\n                                    ', 1, 'nota', 2, 2),
(19, '2019-01-28', '09:57:31', '8000.00', '500.00', '7500.00', 1, 19, '\r\n                                    ', 1, 'nota', 2, 2),
(20, '2019-01-28', '09:58:38', '8000.00', '500.00', '7500.00', 82, 20, '\r\n                                    ', 1, 'nota', 2, 2);

-- --------------------------------------------------------

--
-- Estructura Stand-in para la vista `proforma_emitida`
--
CREATE TABLE IF NOT EXISTS `proforma_emitida` (
`estado` smallint(6)
,`id` bigint(20)
,`fecha` date
,`hora` text
,`subtotal` decimal(20,2)
,`descuento` decimal(20,2)
,`total` decimal(20,2)
,`nombre_usuario` text
,`nro_proforma` bigint(20)
,`ci_nit` text
,`nombre_cliente` text
,`nit` text
,`nombre_empresa` text
,`sucursal` text
,`direccion` text
,`telefono` text
,`email` text
,`nota` text
);
-- --------------------------------------------------------

--
-- Estructura de tabla para la tabla `proveedor`
--

CREATE TABLE IF NOT EXISTS `proveedor` (
`id` bigint(20) NOT NULL,
  `nombre` text,
  `telefono` text,
  `direccion` text,
  `estado` smallint(6) DEFAULT NULL
) ENGINE=InnoDB DEFAULT CHARSET=latin1;

-- --------------------------------------------------------

--
-- Estructura de tabla para la tabla `salida_inventario`
--

CREATE TABLE IF NOT EXISTS `salida_inventario` (
`id` bigint(20) NOT NULL,
  `fecha_modificacion` datetime DEFAULT NULL,
  `fecha_registro` datetime DEFAULT NULL,
  `observacion` text,
  `estado` smallint(6) DEFAULT NULL,
  `tipo_salida_inventario_id` bigint(20) DEFAULT NULL,
  `almacen_origen_id` bigint(20) DEFAULT NULL,
  `almacen_destino_id` bigint(20) DEFAULT NULL,
  `sucursal_id` bigint(20) DEFAULT NULL,
  `fecha_salida` datetime DEFAULT NULL,
  `usuario_id` bigint(20) DEFAULT NULL
) ENGINE=InnoDB DEFAULT CHARSET=latin1;

-- --------------------------------------------------------

--
-- Estructura de tabla para la tabla `solicitud_trabajo`
--

CREATE TABLE IF NOT EXISTS `solicitud_trabajo` (
  `id` bigint(20) NOT NULL,
  `cantidad` int(11) NOT NULL,
  `producto_id` int(11) NOT NULL,
  `cliente_id` int(11) NOT NULL,
  `trabajo_id` int(11) NOT NULL
) ENGINE=InnoDB DEFAULT CHARSET=utf8 COLLATE=utf8_spanish_ci;

-- --------------------------------------------------------

--
-- Estructura de tabla para la tabla `sucursal`
--

CREATE TABLE IF NOT EXISTS `sucursal` (
`id` bigint(20) NOT NULL,
  `nit` text,
  `nombre_empresa` text,
  `sucursal` text,
  `estado` smallint(6) DEFAULT NULL,
  `direccion` text,
  `telefono` text,
  `email` text,
  `nombre_impuesto` text
) ENGINE=InnoDB AUTO_INCREMENT=3 DEFAULT CHARSET=latin1;

--
-- Volcado de datos para la tabla `sucursal`
--

INSERT INTO `sucursal` (`id`, `nit`, `nombre_empresa`, `sucursal`, `estado`, `direccion`, `telefono`, `email`, `nombre_impuesto`) VALUES
(2, ' 4577400010', 'DICARP', 'CASA MATRIZ', 1, 'AV 2 DE FEBRERO 2DO ANILLO Y CENTENARIO', ' 70838701', 'dicarp@gmail.com', 'casa matriz');

-- --------------------------------------------------------

--
-- Estructura de tabla para la tabla `talla`
--

CREATE TABLE IF NOT EXISTS `talla` (
`id` bigint(20) NOT NULL,
  `descripcion` text
) ENGINE=InnoDB AUTO_INCREMENT=27 DEFAULT CHARSET=latin1;

--
-- Volcado de datos para la tabla `talla`
--

INSERT INTO `talla` (`id`, `descripcion`) VALUES
(26, 'DICARP');

-- --------------------------------------------------------

--
-- Estructura de tabla para la tabla `tipo_ingreso_egreso`
--

CREATE TABLE IF NOT EXISTS `tipo_ingreso_egreso` (
`id` bigint(20) NOT NULL,
  `descripcion` text,
  `estado` smallint(6) DEFAULT NULL,
  `tipo_dato` bit(1) DEFAULT NULL
) ENGINE=InnoDB AUTO_INCREMENT=27 DEFAULT CHARSET=latin1;

--
-- Volcado de datos para la tabla `tipo_ingreso_egreso`
--

INSERT INTO `tipo_ingreso_egreso` (`id`, `descripcion`, `estado`, `tipo_dato`) VALUES
(1, 'TRABAJO A CARPINTERIA 2 CANAPES, SEÑOR WILA', 1, b'0'),
(2, 'TRANSPORTE', 1, b'0'),
(3, 'PAGO CARPINTERO', 1, b'0'),
(4, 'ANTICIPO AL PERSONAL', 1, b'0'),
(5, 'PAGO COLCHONES AMERICA', 1, b'0'),
(6, 'COMPRA DE MATERIAL', 1, b'0'),
(7, 'TELA GALLETA', 1, b'0'),
(8, 'COMPRA DE MATERIAL', 1, b'0'),
(9, 'PAGO A MAXIKING', 1, b'0'),
(10, 'PAGO SALARIO', 1, b'0'),
(11, 'TRABAJO DE CERRADO COLCHONES', 1, b'0'),
(12, 'PAGO A CLEFA', 1, b'0'),
(13, 'PAGO AL SEÑOR BORIS', 1, b'0'),
(14, 'EGRESO PARA CAJA CHICA', 1, b'0'),
(15, 'COMPRA EN SAMURAI', 1, b'0'),
(16, 'COMPRA BOLSAS PARA COLCHONES', 1, b'0'),
(17, 'PINTURA PARA SERIGRAFIAR', 1, b'0'),
(18, 'PAGO A RAUL', 1, b'0'),
(19, 'ALBAÑILERIA', 1, b'0'),
(20, 'CARPINTERIA', 1, b'0'),
(21, 'EGRESO POR DEVOLUCION DE PRODUCTO', 1, b'0'),
(22, 'EGRESO POR DEVOLUCION DE PRODUCTO', 1, b'0'),
(23, 'COMPRA DE COMBUSTIBLE', 1, b'0'),
(24, 'COMPRA DE MUEBLE PARA VENDER', 1, b'0'),
(25, 'COMPRA DE PRODUCTOS PARA LA VENTA', 1, b'0'),
(26, 'PAGO SEGUROS', 1, b'0');

-- --------------------------------------------------------

--
-- Estructura de tabla para la tabla `tipo_item`
--

CREATE TABLE IF NOT EXISTS `tipo_item` (
`id` bigint(20) NOT NULL,
  `descripcion` text,
  `estado` smallint(6) DEFAULT NULL
) ENGINE=InnoDB AUTO_INCREMENT=3 DEFAULT CHARSET=latin1;

--
-- Volcado de datos para la tabla `tipo_item`
--

INSERT INTO `tipo_item` (`id`, `descripcion`, `estado`) VALUES
(1, 'Producto', 1),
(2, 'Materia Prima', 1);

-- --------------------------------------------------------

--
-- Estructura de tabla para la tabla `tipo_salida_inventario`
--

CREATE TABLE IF NOT EXISTS `tipo_salida_inventario` (
`id` bigint(20) NOT NULL,
  `nombre` text,
  `descripcion` text,
  `fecha_registro` datetime DEFAULT NULL,
  `estado` smallint(6) DEFAULT NULL
) ENGINE=InnoDB DEFAULT CHARSET=latin1;

-- --------------------------------------------------------

--
-- Estructura de tabla para la tabla `trabajo`
--

CREATE TABLE IF NOT EXISTS `trabajo` (
`id` bigint(20) NOT NULL,
  `fecha` datetime NOT NULL,
  `estado` smallint(6) NOT NULL,
  `descripcion` text COLLATE utf8_spanish_ci NOT NULL
) ENGINE=InnoDB DEFAULT CHARSET=utf8 COLLATE=utf8_spanish_ci;

-- --------------------------------------------------------

--
-- Estructura de tabla para la tabla `unidad_medida`
--

CREATE TABLE IF NOT EXISTS `unidad_medida` (
`id` bigint(20) NOT NULL,
  `descripcion` text,
  `abreviatura` text
) ENGINE=InnoDB AUTO_INCREMENT=2 DEFAULT CHARSET=latin1;

--
-- Volcado de datos para la tabla `unidad_medida`
--

INSERT INTO `unidad_medida` (`id`, `descripcion`, `abreviatura`) VALUES
(1, 'PIEZAS', 'PZA');

-- --------------------------------------------------------

--
-- Estructura de tabla para la tabla `usuario`
--

CREATE TABLE IF NOT EXISTS `usuario` (
`id` bigint(20) NOT NULL,
  `ci` text,
  `nombre_usuario` text,
  `telefono` text,
  `cargo` bigint(20) DEFAULT NULL,
  `usuario` text,
  `clave` text,
  `activo` smallint(6) DEFAULT NULL,
  `estado` smallint(6) DEFAULT NULL
) ENGINE=InnoDB AUTO_INCREMENT=3 DEFAULT CHARSET=latin1;

--
-- Volcado de datos para la tabla `usuario`
--

INSERT INTO `usuario` (`id`, `ci`, `nombre_usuario`, `telefono`, `cargo`, `usuario`, `clave`, `activo`, `estado`) VALUES
(1, '123456789', 'LISY', '7777777', 1, 'admin', '$2y$10$9kbE0OVkWXln4OqOIi7I2eiPUlatlS0n6J9c36Vs3/ntQ3gTe/UXi', 0, 1),
(2, '9802146', 'HERLAND JUSTINIANO', '60917113', 2, 'Herland JP', '$2y$10$kIcxvMswTjfDS.N/KcG./efJ3mSZb6dyeAP9aTWvjeyitb3i1smpa', 1, 1);

-- --------------------------------------------------------

--
-- Estructura de tabla para la tabla `usuario_sucursal`
--

CREATE TABLE IF NOT EXISTS `usuario_sucursal` (
  `usuario_id` bigint(20) DEFAULT NULL,
  `sucursal_id` bigint(20) DEFAULT NULL
) ENGINE=InnoDB DEFAULT CHARSET=latin1;

--
-- Volcado de datos para la tabla `usuario_sucursal`
--

INSERT INTO `usuario_sucursal` (`usuario_id`, `sucursal_id`) VALUES
(1, 1),
(2, 2);

-- --------------------------------------------------------

--
-- Estructura de tabla para la tabla `venta`
--

CREATE TABLE IF NOT EXISTS `venta` (
`id` bigint(20) NOT NULL,
  `fecha` datetime DEFAULT NULL,
  `hora` text,
  `subtotal` decimal(20,2) DEFAULT NULL,
  `descuento` decimal(20,2) DEFAULT NULL,
  `total` decimal(20,2) DEFAULT NULL,
  `cliente_id` bigint(20) DEFAULT NULL,
  `nro_venta` bigint(20) DEFAULT NULL,
  `estado_venta` smallint(6) NOT NULL,
  `estado` smallint(6) DEFAULT NULL,
  `tipo_venta` text,
  `tipo_cambio` text NOT NULL,
  `sucursal_id` bigint(20) DEFAULT NULL,
  `usuario_id` bigint(20) DEFAULT NULL,
  `nota` text
) ENGINE=InnoDB AUTO_INCREMENT=148 DEFAULT CHARSET=latin1;

--
-- Volcado de datos para la tabla `venta`
--

INSERT INTO `venta` (`id`, `fecha`, `hora`, `subtotal`, `descuento`, `total`, `cliente_id`, `nro_venta`, `estado_venta`, `estado`, `tipo_venta`, `tipo_cambio`, `sucursal_id`, `usuario_id`, `nota`) VALUES
(1, '2018-12-07 19:42:16', '19:42:16', '3800.00', '0.00', '3800.00', 1, 1, 0, 1, 'nota', '6,96', 2, 1, 'SOMMIER DEBEN  SER PLOMO O GRIS\r\n                                    '),
(3, '2018-12-08 14:01:20', '14:01:20', '3500.00', '0.00', '3500.00', 2, 1, 0, 1, 'nota', '0', 2, 1, '\r\n                                    '),
(4, '2018-12-10 12:00:05', '12:00:05', '5100.00', '0.00', '5100.00', 3, 1, 0, 1, 'nota', '0', 2, 1, '\r\n                                   EL PRODUCTO YA FUE ENTREGADO AL CRÉDITO POR DELIO AMADO MARQUEZ SANTIAGO'),
(5, '2018-12-13 17:50:16', '17:50:16', '8300.00', '1300.00', '7000.00', 5, 1, 0, 1, 'nota', '0', 2, 1, 'DESCUENTO DEL 15% DEL TOTAL\r\n                                    '),
(6, '2018-12-18 10:37:26', '10:37:26', '5100.00', '0.00', '5100.00', 7, 1, 0, 1, 'nota', '0', 2, 1, 'Bs 1550 inicial\r\n                                    '),
(7, '2018-12-18 15:41:22', '15:41:22', '460.00', '460.00', '0.00', 8, 1, 0, 1, 'nota', '0', 2, 1, 'Artículos dados como intercambio al programa CITY TV\r\n                                    '),
(8, '2018-12-18 17:08:07', '17:08:07', '2000.00', '0.00', '2000.00', 9, 1, 0, 1, 'nota', '0', 2, 1, 'Entrego un monto inicial de Bs 600\r\n                                    '),
(9, '2018-12-20 15:46:10', '15:46:10', '1500.00', '0.00', '1500.00', 11, 1, 0, 1, 'nota', '0', 2, 1, '\r\n                                    '),
(10, '2018-12-21 10:23:20', '10:23:20', '2000.00', '0.00', '2000.00', 12, 1, 0, 1, 'nota', '0', 2, 1, '\r\n                                    '),
(11, '2018-12-22 13:15:48', '13:15:48', '2000.00', '0.00', '2000.00', 13, 1, 0, 1, 'nota', '0', 2, 1, 'Envio a yacuiba\r\n                                    '),
(12, '2018-12-22 15:05:53', '15:05:53', '1900.00', '0.00', '1900.00', 14, 1, 0, 2, 'nota', '0', 2, 1, '\r\n                                   Envio pagado para yacuiba'),
(13, '2018-12-22 15:07:22', '15:07:22', '1900.00', '0.00', '1900.00', 14, 1, 0, 2, 'nota', '0', 2, 1, '\r\n                   Envio pagado al yacuiba Bs 60                  '),
(14, '2018-12-22 15:09:21', '15:09:21', '1900.00', '0.00', '1900.00', 14, 1, 0, 1, 'nota', '0', 2, 1, '\r\n                               Envio pagado a yacuiba Bs 60     '),
(15, '2018-12-22 15:18:46', '15:18:46', '1900.00', '0.00', '1900.00', 15, 1, 0, 1, 'nota', '0', 2, 1, '\r\n                                    '),
(16, '2018-12-24 10:23:07', '10:23:07', '1900.00', '0.00', '1900.00', 16, 1, 0, 1, 'nota', '0', 2, 2, '\r\n                                    '),
(17, '2018-12-24 11:03:53', '11:03:53', '1900.00', '0.00', '1900.00', 17, 1, 0, 1, 'nota', '0', 2, 2, '\r\n                                    '),
(18, '2018-12-24 11:59:21', '11:59:21', '300.00', '300.00', '0.00', 18, 1, 0, 1, 'nota', '0', 2, 2, 'INTERCAMBIO YACKE ACTIVA TV\r\n                                    '),
(19, '2018-12-25 17:02:43', '17:02:43', '2260.00', '30.00', '2230.00', 19, 1, 0, 1, 'nota', '0', 2, 1, '\r\n                                    '),
(20, '2018-12-27 12:03:58', '12:03:58', '4100.00', '0.00', '4100.00', 20, 1, 0, 1, 'nota', '0', 2, 2, 'cuota inicial 400 bs\r\n                                    '),
(21, '2018-12-27 12:05:13', '12:05:13', '4100.00', '0.00', '4100.00', 21, 1, 0, 1, 'nota', '0', 2, 2, '\r\n                                    Cuota inicial Bs 400 '),
(22, '2018-12-27 17:44:29', '17:44:29', '3300.00', '3300.00', '0.00', 18, 1, 0, 1, 'nota', '0', 2, 2, '\r\n                                    Bs 1950 INTERCAMBIO HASTA DEL 25/12/18 Y Bs 1350 INTERCAMBIO POR NUEVA PUBLICACIÓN '),
(23, '2018-12-28 11:14:08', '11:14:08', '1900.00', '0.00', '1900.00', 1, 1, 0, 1, 'nota', '0', 2, 2, '\r\n                                    '),
(24, '2018-12-28 11:18:57', '11:18:57', '1900.00', '0.00', '1900.00', 22, 1, 0, 2, 'nota', '0', 2, 2, '\r\n                                    '),
(25, '2018-12-28 11:24:53', '11:24:53', '1250.00', '0.00', '1250.00', 22, 1, 0, 1, 'nota', '0', 2, 2, '\r\n                                    '),
(26, '2018-12-28 15:18:39', '15:18:39', '1900.00', '0.00', '1900.00', 23, 1, 0, 1, 'nota', '0', 2, 2, '\r\n                                    '),
(27, '2018-12-29 09:53:25', '09:53:25', '1250.00', '0.00', '1250.00', 24, 1, 0, 1, 'nota', '0', 2, 2, '\r\n                                    '),
(28, '2018-12-29 11:07:08', '11:07:08', '1100.00', '0.00', '1100.00', 25, 1, 0, 1, 'nota', '0', 2, 2, '\r\n                                    '),
(29, '2018-12-29 11:08:26', '11:08:26', '1100.00', '0.00', '1100.00', 25, 1, 0, 1, 'nota', '0', 2, 2, '\r\n                                    '),
(30, '2018-12-29 12:07:27', '12:07:27', '1500.00', '0.00', '1500.00', 26, 1, 0, 1, 'nota', '0', 2, 2, '\r\n                                    PAGO DE CUOTA DEL MES DE ENERO'),
(31, '2018-12-29 12:54:45', '12:54:45', '1250.00', '0.00', '1250.00', 27, 1, 0, 2, 'nota', '0', 2, 2, '\r\n                                    '),
(32, '2018-12-29 12:56:20', '12:56:20', '2500.00', '0.00', '2500.00', 27, 1, 0, 1, 'nota', '0', 2, 2, '\r\n                                    '),
(33, '2018-12-29 15:39:42', '15:39:42', '1250.00', '0.00', '1250.00', 28, 1, 0, 2, 'nota', '0', 2, 2, '\r\n                                    '),
(34, '2018-12-29 16:00:56', '16:00:56', '2500.00', '0.00', '2500.00', 28, 1, 0, 1, 'nota', '0', 2, 2, '\r\n                                    '),
(35, '2019-01-02 09:12:44', '09:12:44', '1250.00', '0.00', '1250.00', 29, 1, 0, 1, 'nota', '0', 2, 2, '\r\n                                    '),
(36, '2019-01-03 09:12:14', '09:12:14', '2050.00', '0.00', '2050.00', 30, 1, 0, 1, 'nota', '6,90', 2, 2, 'FALTA PAGAR Bs 670\r\n                                    '),
(37, '2019-01-03 09:54:46', '09:54:46', '80.00', '0.00', '80.00', 31, 1, 0, 1, 'nota', '0', 2, 2, '\r\n                                    '),
(38, '2019-01-03 15:36:06', '15:36:06', '1250.00', '0.00', '1250.00', 32, 1, 0, 1, 'nota', '0', 2, 2, '\r\n                                    '),
(39, '2019-01-03 18:51:12', '18:51:12', '1630.00', '0.00', '1630.00', 33, 1, 0, 1, 'nota', '0', 2, 2, '\r\n                                    '),
(41, '2019-01-03 19:02:26', '19:02:26', '200.00', '0.00', '200.00', 33, 1, 0, 1, 'nota', '0', 2, 2, '\r\n                                    '),
(42, '2019-01-04 17:19:56', '17:19:56', '1500.00', '0.00', '1500.00', 35, 1, 0, 2, 'nota', '0', 2, 1, '\r\n                                    '),
(43, '2019-01-04 17:26:51', '17:26:51', '42500.00', '0.00', '42500.00', 35, 1, 0, 2, 'nota', '0', 2, 1, '\r\n                                    '),
(44, '2019-01-04 17:28:20', '17:28:20', '2000.00', '0.00', '2000.00', 35, 1, 0, 2, 'nota', '0', 2, 1, '\r\n                                    '),
(45, '2019-01-04 18:09:04', '18:09:04', '0.00', '0.00', '0.00', 35, 1, 0, 2, 'nota', '0', 2, 1, '\r\n                                    '),
(46, '2019-01-04 18:12:15', '18:12:15', '203000.00', '0.00', '203000.00', 35, 1, 0, 2, 'nota', '0', 2, 1, '\r\n                                    '),
(47, '2019-01-04 18:13:55', '18:13:55', '0.00', '0.00', '0.00', 35, 1, 0, 2, 'nota', '0', 2, 1, '\r\n                                    '),
(48, '2019-01-04 18:17:17', '18:17:17', '0.00', '0.00', '0.00', 35, 1, 0, 2, 'nota', '0', 2, 1, '\r\n                                    '),
(49, '2019-01-04 18:20:13', '18:20:13', '75000.00', '0.00', '75000.00', 35, 1, 0, 2, 'nota', '0', 2, 1, '\r\n                                    '),
(50, '2019-01-05 10:00:08', '10:00:08', '0.00', '0.00', '0.00', 36, 1, 0, 1, 'nota', '0', 2, 1, 'SALDO DE 18.000 - 4158= 13.842 AL 31 DE DICIEMBRE\r\n                                    '),
(51, '2019-01-05 10:46:37', '10:46:37', '180.00', '180.00', '0.00', 14, 1, 0, 1, 'nota', '0', 2, 1, 'SE DA DE REGALO A CLIENTE POR COMPRA EN FECHA 20 DE DICIEMBRE DE 2018\r\n                                    '),
(52, '2019-01-05 12:18:59', '12:18:59', '3600.00', '100.00', '3500.00', 37, 1, 0, 1, 'nota', '0', 2, 1, '\r\n                                    ALMOHADA DE REGALO'),
(53, '2019-01-05 12:33:44', '12:33:44', '100.00', '100.00', '0.00', 37, 1, 0, 1, 'nota', '0', 2, 1, '\r\n                                    REGALO A CLENTE POR COMPRA DE COLCHON'),
(54, '2019-01-05 16:29:24', '16:29:24', '2140.00', '0.00', '2140.00', 38, 1, 0, 1, 'nota', '0', 2, 1, '\r\n                                    SOMMIER CON CUERO AMERICANO, PAGO 2000 BS CON TARJETA Y 140 BS EFECTIVO'),
(55, '2019-01-07 16:27:07', '16:27:07', '1250.00', '0.00', '1250.00', 29, 1, 0, 1, 'nota', '0', 2, 2, '\r\n                                    '),
(56, '2019-01-07 16:49:43', '16:49:43', '180.00', '180.00', '0.00', 39, 1, 0, 1, 'nota', '0', 2, 1, '\r\n                       SE ANULA ITEM POR ERROR AL INGRESO DEL INVENTARIO              '),
(57, '2019-01-07 17:03:31', '17:03:31', '7000.00', '1100.00', '5900.00', 40, 1, 0, 1, 'nota', '0', 2, 1, 'PAGO REALIZADO 21 DE DICIEMBRE DEL 2018\r\n                                    '),
(58, '2019-01-09 15:33:13', '15:33:13', '1200.00', '0.00', '1200.00', 41, 1, 0, 1, 'nota', '0', 2, 2, '\r\n                                    '),
(59, '2019-01-09 15:54:22', '15:54:22', '200.00', '50.00', '150.00', 42, 1, 0, 1, 'nota', '0', 2, 2, '\r\n                                    '),
(60, '2019-01-09 16:00:01', '16:00:01', '120.00', '20.00', '100.00', 42, 1, 0, 1, 'nota', '0', 2, 2, '\r\n                                    '),
(61, '2019-01-09 16:23:28', '16:23:28', '1200.00', '0.00', '1200.00', 43, 1, 0, 1, 'nota', '0', 2, 2, '\r\n                                    '),
(62, '2019-01-09 16:24:53', '16:24:53', '200.00', '50.00', '150.00', 43, 1, 0, 1, 'nota', '0', 2, 2, '\r\n                                    '),
(63, '2019-01-09 16:38:10', '16:38:10', '1200.00', '0.00', '1200.00', 44, 1, 0, 1, 'nota', '0', 2, 2, '\r\n                                    '),
(64, '2019-01-09 18:03:59', '18:03:59', '1500.00', '300.00', '1200.00', 45, 1, 0, 1, 'nota', '0', 2, 2, '\r\n                                    '),
(65, '2019-01-09 18:29:39', '18:29:39', '5600.00', '1200.00', '4400.00', 46, 1, 0, 2, 'nota', '0', 2, 2, '\r\n                                    '),
(66, '2019-01-09 18:56:30', '18:56:30', '1200.00', '0.00', '1200.00', 47, 1, 0, 1, 'nota', '0', 2, 2, 'EL DIA SABADO 12/01/19 PASAN A RECOGER PROMOCION COLCHON 2 PLAZAS\r\n                                    '),
(67, '2019-01-09 19:35:26', '19:35:26', '21000.00', '0.00', '21000.00', 36, 1, 0, 2, 'nota', '0', 2, 1, 'ENVIADO SABADO 5 DE ENERO DE 2019\r\n                                    '),
(68, '2019-01-09 19:37:30', '19:37:30', '0.00', '0.00', '0.00', 36, 1, 0, 1, 'nota', '0', 2, 1, '\r\n                                    '),
(69, '2019-01-09 19:44:55', '19:44:55', '21000.00', '0.00', '21000.00', 36, 1, 0, 1, 'nota', '0', 2, 1, '\r\n                                    '),
(70, '2019-01-09 19:52:21', '19:52:21', '21000.00', '0.00', '21000.00', 36, 1, 0, 1, 'nota', '0', 2, 1, '\r\n                                    '),
(71, '2019-01-09 19:57:14', '19:57:14', '21000.00', '0.00', '21000.00', 36, 1, 0, 1, 'nota', '0', 2, 1, '\r\n                                    '),
(72, '2019-01-10 10:00:12', '10:00:12', '21000.00', '0.00', '21000.00', 36, 1, 0, 2, 'nota', '0', 2, 1, '\r\n                                    '),
(73, '2019-01-10 10:03:28', '10:03:28', '21000.00', '0.00', '21000.00', 36, 1, 0, 1, 'nota', '0', 2, 1, '\r\n                                    '),
(74, '2019-01-10 10:32:39', '10:32:39', '500.00', '0.00', '500.00', 36, 1, 0, 2, 'nota', '0', 2, 1, '\r\n                                    '),
(75, '2019-01-10 12:53:11', '12:53:11', '1200.00', '0.00', '1200.00', 48, 1, 0, 1, 'nota', '0', 2, 1, '\r\n                                    '),
(76, '2019-01-10 15:51:41', '15:51:41', '1500.00', '0.00', '1500.00', 49, 1, 0, 1, 'nota', '0', 2, 2, '\r\n                                    '),
(77, '2019-01-10 18:49:57', '18:49:57', '1200.00', '0.00', '1200.00', 50, 1, 0, 1, 'nota', '0', 2, 1, '\r\n CANCELADO TOTAL'),
(78, '2019-01-10 19:33:50', '19:33:50', '0.00', '0.00', '0.00', 51, 1, 0, 2, 'nota', '0', 2, 1, '\r\n                                    PAGO DE CUOTA No 2 '),
(79, '2019-01-10 19:37:11', '19:37:11', '0.00', '0.00', '0.00', 52, 1, 0, 2, 'nota', '0', 2, 1, '\r\n                                    PAGO DE CUOTAS No 4 POR COMPRA DE COLCHON'),
(80, '2019-01-10 19:43:57', '19:43:57', '0.00', '0.00', '0.00', 52, 1, 0, 1, 'nota', '0', 2, 1, '\r\n                                    '),
(81, '2019-01-11 11:04:32', '11:04:32', '17500.00', '0.00', '17500.00', 36, 1, 0, 1, 'nota', '0', 2, 2, '\r\n                                    '),
(82, '2019-01-11 15:18:43', '15:18:43', '1400.00', '50.00', '1350.00', 53, 1, 0, 1, 'nota', '0', 2, 2, '\r\n                                    '),
(83, '2019-01-11 15:24:51', '15:24:51', '3050.00', '0.00', '3050.00', 36, 1, 0, 1, 'nota', '0', 2, 2, '\r\n                                    '),
(84, '2019-01-12 10:32:45', '10:32:45', '2100.00', '0.00', '2100.00', 36, 1, 0, 1, 'nota', '0', 2, 1, '\r\n                                    ENVIO FALTANTE DE FECHA 11/01/2019'),
(85, '2019-01-12 10:41:36', '10:41:36', '0.00', '0.00', '0.00', 51, 1, 0, 1, 'nota', '0', 2, 1, '\r\n                                    DEJA Bs 800 A CUENTA'),
(86, '2019-01-12 13:26:15', '13:26:15', '1200.00', '0.00', '1200.00', 55, 1, 0, 1, 'nota', '0', 2, 2, '\r\n                                    '),
(87, '2019-01-12 15:50:53', '15:50:53', '0.00', '0.00', '0.00', 46, 1, 0, 2, 'nota', '0', 2, 2, '\r\n                                    DEJO A CUENTA Bs 800'),
(88, '2019-01-12 16:06:19', '16:06:19', '1200.00', '0.00', '1200.00', 57, 1, 0, 1, 'nota', '0', 2, 2, '\r\n                                    '),
(89, '2019-01-12 16:11:59', '16:11:59', '1200.00', '0.00', '1200.00', 58, 1, 0, 1, 'nota', '0', 2, 2, '\r\n                                    '),
(90, '2019-01-14 10:39:35', '10:39:35', '1200.00', '0.00', '1200.00', 55, 1, 0, 1, 'nota', '0', 2, 2, '\r\n                                    '),
(91, '2019-01-14 10:44:02', '10:44:02', '0.00', '0.00', '0.00', 36, 1, 0, 1, 'nota', '0', 2, 2, '\r\n                                    '),
(92, '2019-01-14 15:47:51', '15:47:51', '4300.00', '1300.00', '3000.00', 46, 1, 0, 1, 'nota', '0', 2, 1, '\r\n                                    '),
(93, '2019-01-14 18:37:40', '18:37:40', '14000.00', '0.00', '14000.00', 36, 1, 0, 1, 'nota', '0', 2, 2, '\r\n                                   ENVIO SABADO 12 DE ENERO 2019 A QUIJARRO'),
(94, '2019-01-14 19:56:43', '19:56:43', '2000.00', '1000.00', '1000.00', 59, 1, 0, 1, 'nota', '0', 2, 1, '\r\n                               '),
(95, '2019-01-15 15:17:15', '15:17:15', '2500.00', '0.00', '2500.00', 60, 1, 0, 1, 'nota', '0', 2, 2, '\r\n                                    '),
(96, '2019-01-15 17:31:22', '17:31:22', '0.00', '0.00', '0.00', 61, 1, 0, 1, 'nota', '0', 2, 1, '\r\n                                    '),
(97, '2019-01-15 17:49:45', '17:49:45', '0.00', '0.00', '0.00', 62, 1, 0, 1, 'nota', '0', 2, 1, '\r\n                                    '),
(98, '2019-01-15 18:47:05', '18:47:05', '0.00', '0.00', '0.00', 63, 1, 0, 1, 'nota', '0', 2, 2, '\r\n                                    '),
(99, '2019-01-15 19:03:17', '19:03:17', '230.00', '30.00', '200.00', 64, 1, 0, 1, 'nota', '0', 2, 1, '\r\n                                    '),
(100, '2019-01-15 19:55:06', '19:55:06', '0.00', '0.00', '0.00', 36, 1, 0, 1, 'nota', '0', 2, 1, 'DEPOSITO \r\n                                    '),
(101, '2019-01-15 20:03:54', '20:03:54', '0.00', '0.00', '0.00', 65, 1, 0, 1, 'nota', '0', 2, 1, '\r\n                                    '),
(102, '2019-01-16 18:18:46', '18:18:46', '0.00', '0.00', '0.00', 67, 1, 0, 1, 'nota', '0', 2, 1, '\r\n                                    PAGO DELIO A CUENTA DE VENTAS VARIAS'),
(103, '2019-01-17 10:15:59', '10:15:59', '3500.00', '450.00', '3050.00', 68, 1, 0, 1, 'nota', '0', 2, 2, '\r\n                                    '),
(104, '2019-01-17 15:42:55', '15:42:55', '1200.00', '300.00', '900.00', 69, 1, 0, 1, 'nota', '0', 2, 2, '\r\n                                    '),
(105, '2019-01-17 16:07:47', '16:07:47', '0.00', '0.00', '0.00', 36, 1, 0, 1, 'nota', '0', 2, 1, '\r\n                                    '),
(106, '2019-01-17 16:27:36', '16:27:36', '3300.00', '1150.00', '2150.00', 70, 1, 0, 1, 'nota', '0', 2, 1, '\r\n                                    CLIENTE DE SANDER'),
(107, '2019-01-17 16:30:54', '16:30:54', '3300.00', '550.00', '2750.00', 71, 1, 0, 1, 'nota', '0', 2, 1, '\r\n                                    CLIENTE DE SANDER'),
(108, '2019-01-17 16:32:42', '16:32:42', '4100.00', '700.00', '3400.00', 72, 1, 0, 1, 'nota', '0', 2, 1, 'CLIENTE DE SANDER\r\n                                    '),
(109, '2019-01-17 16:34:35', '16:34:35', '4100.00', '550.00', '3550.00', 73, 1, 0, 1, 'nota', '0', 2, 1, 'CLIENTE DE SANDER\r\n                                    '),
(110, '2019-01-18 15:42:22', '15:42:22', '14700.00', '0.00', '14700.00', 36, 1, 0, 1, 'nota', '0', 2, 2, '\r\n                                    '),
(111, '2019-01-19 09:52:51', '09:52:51', '4100.00', '1100.00', '3000.00', 74, 1, 0, 1, 'nota', '0', 2, 2, '\r\n                                    '),
(112, '2019-01-21 10:27:41', '10:27:41', '0.00', '0.00', '0.00', 77, 1, 0, 2, 'nota', '0', 2, 2, '\r\n                                    '),
(113, '2019-01-21 11:07:54', '11:07:54', '4500.00', '0.00', '4500.00', 36, 1, 0, 1, 'nota', '0', 2, 2, '\r\n                                    ENVIO DE COLCHONES A TARIJA'),
(114, '2019-01-21 11:10:24', '11:10:24', '2800.00', '0.00', '2800.00', 36, 1, 0, 1, 'nota', '0', 2, 2, 'ENVIO COLCHONES A TARIJA\r\n                                    '),
(115, '2019-01-21 15:28:49', '15:28:49', '0.00', '0.00', '0.00', 78, 1, 0, 1, 'nota', '0', 2, 1, '\r\n                                    '),
(116, '2019-01-21 20:46:11', '20:46:11', '21550.00', '1550.00', '20000.00', 79, 1, 0, 2, 'nota', '0', 2, 1, '\r\n                                    Sr. MIGUEL ENTREGA 3 CHEQUES POR COBRAR'),
(117, '2019-01-21 20:54:04', '20:54:04', '6130.00', '0.00', '6130.00', 79, 1, 0, 2, 'nota', '0', 2, 1, '\r\n                                    '),
(118, '2019-01-21 21:05:56', '21:05:56', '3500.00', '0.00', '3500.00', 79, 1, 0, 2, 'nota', '0', 2, 1, '\r\n                                    '),
(119, '2019-01-21 21:25:14', '21:25:14', '21550.00', '1550.00', '20000.00', 79, 1, 0, 1, 'nota', '0', 2, 1, '\r\n                                    Sr. MIGUEL ENTREGA 3 CHEQUES POR COBRAR'),
(120, '2019-01-21 21:31:02', '21:31:02', '6130.00', '0.00', '6130.00', 79, 1, 0, 1, 'nota', '0', 2, 1, '\r\n                                    '),
(121, '2019-01-23 15:43:23', '15:43:23', '0.00', '0.00', '0.00', 36, 1, 0, 1, 'nota', '0', 2, 1, '\r\n                                    '),
(122, '2019-01-23 15:51:45', '15:51:45', '3500.00', '0.00', '3500.00', 79, 1, 0, 1, 'nota', '0', 2, 1, '\r\n                                    venta hecha el lunes 21 de enero'),
(123, '2019-01-23 17:07:29', '17:07:29', '7700.00', '0.00', '7700.00', 36, 1, 0, 1, 'nota', '0', 2, 1, '\r\n                            11 COLCHONES ENVIO A TRINIDAD'),
(124, '2019-01-23 17:41:00', '17:41:00', '0.00', '0.00', '0.00', 36, 1, 0, 1, 'nota', '0', 2, 1, 'SE ABONA POR DEVOLUCION DE 18 COLCHONES A 455 BS C/U\r\n                                    '),
(125, '2019-01-24 08:55:19', '08:55:19', '5300.00', '0.00', '5300.00', 36, 1, 0, 1, 'nota', '0', 2, 2, '\r\n                                    '),
(126, '2019-01-24 18:20:37', '18:20:37', '0.00', '0.00', '0.00', 36, 1, 0, 1, 'nota', '0', 2, 1, ' \r\n                                    DEPOSITO'),
(127, '2019-01-24 18:21:10', '18:21:10', '0.00', '0.00', '0.00', 36, 1, 0, 1, 'nota', '0', 2, 1, '\r\n                                    DEPOSITO'),
(128, '2019-01-24 18:21:48', '18:21:48', '0.00', '0.00', '0.00', 36, 1, 0, 1, 'nota', '0', 2, 1, '\r\n                                    DEPOSITO'),
(129, '2019-01-24 18:22:34', '18:22:34', '0.00', '0.00', '0.00', 78, 1, 0, 1, 'nota', '0', 2, 1, '\r\n                                    '),
(130, '2019-01-26 10:41:29', '10:41:29', '0.00', '0.00', '0.00', 78, 1, 0, 1, 'nota', '0', 2, 2, '\r\n                                    '),
(131, '2019-01-26 14:39:19', '14:39:19', '1300.00', '0.00', '1300.00', 80, 1, 0, 1, 'nota', '0', 2, 2, '\r\n                                    '),
(132, '2019-01-26 14:57:31', '14:57:31', '400.00', '100.00', '300.00', 81, 1, 0, 1, 'nota', '0', 2, 2, '\r\n                                    '),
(133, '2019-01-26 15:51:37', '15:51:37', '21000.00', '0.00', '21000.00', 36, 1, 0, 1, 'nota', '0', 2, 2, '\r\n                                    '),
(134, '2019-01-28 16:46:15', '16:46:15', '2000.00', '900.00', '1100.00', 83, 1, 0, 1, 'nota', '0', 2, 1, '\r\n                                    '),
(135, '2019-01-28 16:48:45', '16:48:45', '5100.00', '1400.00', '3700.00', 84, 1, 0, 1, 'nota', '0', 2, 1, '\r\n                                    '),
(136, '2019-01-28 16:52:15', '16:52:15', '2500.00', '700.00', '1800.00', 86, 1, 0, 1, 'nota', '0', 2, 1, '\r\n                                    '),
(137, '2019-01-28 16:54:13', '16:54:13', '2000.00', '1000.00', '1000.00', 87, 1, 0, 1, 'nota', '0', 2, 1, '\r\n                                    '),
(138, '2019-01-28 16:55:30', '16:55:30', '2000.00', '1000.00', '1000.00', 88, 1, 0, 1, 'nota', '0', 2, 1, '\r\n                                    '),
(139, '2019-01-28 16:57:54', '16:57:54', '2000.00', '900.00', '1100.00', 89, 1, 0, 1, 'nota', '0', 2, 1, '\r\n                                    '),
(140, '2019-01-28 16:59:49', '16:59:49', '3300.00', '600.00', '2700.00', 90, 1, 0, 1, 'nota', '0', 2, 1, '\r\n                                    '),
(141, '2019-01-28 17:02:07', '17:02:07', '3300.00', '1600.00', '1700.00', 91, 1, 0, 1, 'nota', '0', 2, 1, '\r\n                                    '),
(142, '2019-01-28 17:03:44', '17:03:44', '2000.00', '900.00', '1100.00', 92, 1, 0, 1, 'nota', '0', 2, 1, '\r\n                                    '),
(143, '2019-01-28 17:05:21', '17:05:21', '1500.00', '750.00', '750.00', 93, 1, 0, 1, 'nota', '0', 2, 1, '\r\n                                    '),
(144, '2019-01-28 17:06:34', '17:06:34', '4900.00', '1000.00', '3900.00', 94, 1, 0, 1, 'nota', '0', 2, 1, '\r\n                                    '),
(145, '2019-01-28 17:08:33', '17:08:33', '3300.00', '800.00', '2500.00', 95, 1, 0, 1, 'nota', '0', 2, 1, '\r\n                                    '),
(146, '2019-01-28 17:09:31', '17:09:31', '3000.00', '400.00', '2600.00', 96, 1, 0, 1, 'nota', '0', 2, 1, '\r\n                                    '),
(147, '2019-01-28 17:11:38', '17:11:38', '2000.00', '300.00', '1700.00', 97, 1, 0, 1, 'nota', '0', 2, 1, '\r\n                                    ');

-- --------------------------------------------------------

--
-- Estructura Stand-in para la vista `ventas_emitidas`
--
CREATE TABLE IF NOT EXISTS `ventas_emitidas` (
`id` bigint(20)
,`fecha` datetime
,`subtotal` decimal(20,2)
,`descuento` decimal(20,2)
,`total` decimal(20,2)
,`cliente_id` bigint(20)
,`nro_venta` bigint(20)
,`estado` smallint(6)
,`sucursal_id` bigint(20)
,`usuario_id` bigint(20)
,`tipo_venta` text
,`hora` text
,`nombre_cliente` text
,`ci_nit` text
,`nro_nota` bigint(20)
,`forma_pago` text
,`monto_pagado` decimal(42,2)
);
-- --------------------------------------------------------

--
-- Estructura Stand-in para la vista `ventas_entregadas`
--
CREATE TABLE IF NOT EXISTS `ventas_entregadas` (
`id` bigint(20)
,`fecha` datetime
,`subtotal` decimal(20,2)
,`descuento` decimal(20,2)
,`total` decimal(20,2)
,`cliente_id` bigint(20)
,`nro_venta` bigint(20)
,`estado` smallint(6)
,`sucursal_id` bigint(20)
,`usuario_id` bigint(20)
,`tipo_venta` text
,`hora` text
,`nombre_cliente` text
,`ci_nit` text
,`nro_nota` bigint(20)
,`estado_entrega` bigint(20)
);
-- --------------------------------------------------------

--
-- Estructura Stand-in para la vista `ventas_produccion`
--
CREATE TABLE IF NOT EXISTS `ventas_produccion` (
`venta_id` bigint(20)
,`id` bigint(20)
,`fecha` date
,`nombre_item` text
,`subtotal` decimal(20,2)
,`descuento` decimal(20,2)
,`total` decimal(20,2)
,`cliente_id` bigint(20)
,`nro_venta` bigint(20)
,`estado` smallint(6)
,`sucursal_id` bigint(20)
,`usuario_id` bigint(20)
,`tipo_venta` text
,`hora` text
,`nombre_cliente` text
,`ci_nit` text
,`nro_nota` bigint(20)
,`estado_entrega` bigint(20)
,`cantidad_total` bigint(21)
);
-- --------------------------------------------------------

--
-- Estructura de tabla para la tabla `venta_pago`
--

CREATE TABLE IF NOT EXISTS `venta_pago` (
`id` bigint(20) NOT NULL,
  `venta_id` bigint(20) DEFAULT NULL,
  `forma_pago` text,
  `banco` text,
  `nro_cuenta` text,
  `nro_cheque` text,
  `fecha_pago` date DEFAULT NULL,
  `vencimiento` text,
  `monto` decimal(20,2) DEFAULT NULL,
  `saldo` decimal(20,2) DEFAULT NULL,
  `estado` text,
  `estado_pago` int(11) NOT NULL,
  `fecha_registro` date DEFAULT NULL,
  `descripcion` text NOT NULL
) ENGINE=InnoDB AUTO_INCREMENT=158 DEFAULT CHARSET=latin1;

--
-- Volcado de datos para la tabla `venta_pago`
--

INSERT INTO `venta_pago` (`id`, `venta_id`, `forma_pago`, `banco`, `nro_cuenta`, `nro_cheque`, `fecha_pago`, `vencimiento`, `monto`, `saldo`, `estado`, `estado_pago`, `fecha_registro`, `descripcion`) VALUES
(1, 1, 'Plazo', NULL, NULL, NULL, '2018-12-07', NULL, '2070.00', '1730.00', 'Debe', 0, '2018-12-07', 'forma_pago_efectivo'),
(3, 3, 'Plazo', NULL, NULL, NULL, '2018-12-08', NULL, '300.00', '3200.00', 'Debe', 0, '2018-12-08', 'forma_pago_efectivo'),
(4, 4, 'Plazo', NULL, NULL, NULL, '2018-12-10', NULL, '500.00', '4600.00', 'Debe', 0, '2018-12-10', 'forma_pago_efectivo'),
(5, 5, 'Tarjeta', 'BANCO NACIONAL DE BOLIVIA', NULL, '', NULL, NULL, '7000.00', '0.00', 'Cancelado', 1, '2018-12-13', 'forma_pago_efectivo'),
(6, 6, 'Plazo', NULL, NULL, NULL, '2018-12-18', NULL, '1550.00', '3550.00', 'Debe', 1, '2018-12-18', 'forma_pago_efectivo'),
(7, 7, 'Efectivo', NULL, NULL, NULL, NULL, NULL, '0.00', '0.00', 'Cancelado', 1, '2018-12-18', 'forma_pago_efectivo'),
(8, 8, 'Plazo', NULL, NULL, NULL, '2018-12-15', NULL, '600.00', '1400.00', 'Debe', 1, '2018-12-18', 'forma_pago_efectivo'),
(9, 1, 'Plazo', NULL, NULL, NULL, '2018-12-19', NULL, '1380.00', '350.00', 'Debe', 1, '2018-12-19', 'forma_pago_efectivo'),
(10, 9, 'Plazo', NULL, NULL, NULL, '2018-12-20', NULL, '500.00', '1000.00', 'Debe', 1, '2018-12-20', 'forma_pago_efectivo'),
(11, 10, 'Efectivo', NULL, NULL, NULL, NULL, NULL, '2000.00', '0.00', 'Cancelado', 1, '2018-12-21', 'forma_pago_efectivo'),
(12, 11, 'Efectivo', NULL, NULL, NULL, NULL, NULL, '2000.00', '0.00', 'Cancelado', 1, '2018-12-22', 'forma_pago_efectivo'),
(13, 12, 'Efectivo', NULL, NULL, NULL, NULL, NULL, '1900.00', '0.00', 'Cancelado', 2, '2018-12-22', 'forma_pago_efectivo'),
(14, 13, 'Efectivo', NULL, NULL, NULL, NULL, NULL, '1900.00', '0.00', 'Cancelado', 2, '2018-12-22', 'forma_pago_efectivo'),
(15, 14, 'Efectivo', NULL, NULL, NULL, NULL, NULL, '1900.00', '0.00', 'Cancelado', 1, '2018-12-22', 'forma_pago_efectivo'),
(16, 15, 'Tarjeta', 'BANCO BISA', NULL, '', NULL, NULL, '1900.00', '0.00', 'Cancelado', 1, '2018-12-22', 'forma_pago_efectivo'),
(17, 3, 'Plazo', NULL, NULL, NULL, '2018-12-22', NULL, '200.00', '3000.00', 'Debe', 1, '2018-12-22', 'forma_pago_efectivo'),
(19, 2, 'Plazo', NULL, NULL, NULL, '2018-12-24', NULL, '100.00', '3400.00', 'Debe', 1, '2018-12-24', 'forma_pago_efectivo'),
(20, 16, 'Efectivo', NULL, NULL, NULL, NULL, NULL, '1900.00', '0.00', 'Cancelado', 1, '2018-12-24', 'forma_pago_efectivo'),
(21, 17, 'Efectivo', NULL, NULL, NULL, NULL, NULL, '1900.00', '0.00', 'Cancelado', 1, '2018-12-24', 'forma_pago_efectivo'),
(22, 18, 'Efectivo', NULL, NULL, NULL, NULL, NULL, '0.00', '0.00', 'Cancelado', 1, '2018-12-24', 'forma_pago_efectivo'),
(23, 19, 'Efectivo', NULL, NULL, NULL, NULL, NULL, '2230.00', '0.00', 'Cancelado', 1, '2018-12-25', 'forma_pago_efectivo'),
(24, 20, 'Plazo', NULL, NULL, NULL, '2018-12-27', NULL, '400.00', '3700.00', 'Debe', 1, '2018-12-27', 'forma_pago_efectivo'),
(25, 21, 'Plazo', NULL, NULL, NULL, '2018-12-27', NULL, '400.00', '3700.00', 'Debe', 1, '2018-12-27', 'forma_pago_efectivo'),
(26, 22, 'Efectivo', NULL, NULL, NULL, NULL, NULL, '0.00', '0.00', 'Cancelado', 1, '2018-12-27', 'forma_pago_efectivo'),
(27, 23, 'Tarjeta', 'MERCANTIL SANTA CRUZ', NULL, '', NULL, NULL, '1900.00', '0.00', 'Cancelado', 1, '2018-12-28', 'forma_pago_efectivo'),
(28, 24, 'Tarjeta', 'MERCANTIL SANTA CRUZ', NULL, '', NULL, NULL, '1900.00', '0.00', 'Cancelado', 2, '2018-12-28', 'forma_pago_efectivo'),
(29, 25, 'Tarjeta', 'MERCANTIL SANTA CRUZ', NULL, '', NULL, NULL, '1250.00', '0.00', 'Cancelado', 1, '2018-12-28', 'forma_pago_efectivo'),
(30, 26, 'Efectivo', NULL, NULL, NULL, NULL, NULL, '1900.00', '0.00', 'Cancelado', 1, '2018-12-28', 'forma_pago_efectivo'),
(31, 27, 'Tarjeta', 'visa', NULL, '', NULL, NULL, '1250.00', '0.00', 'Cancelado', 1, '2018-12-29', 'forma_pago_efectivo'),
(32, 29, 'Efectivo', NULL, NULL, NULL, NULL, NULL, '1100.00', '0.00', 'Cancelado', 1, '2018-12-29', 'forma_pago_efectivo'),
(33, 30, 'Plazo', NULL, NULL, NULL, '2018-12-29', NULL, '450.00', '1050.00', 'Debe', 1, '2018-12-29', 'forma_pago_efectivo'),
(34, 31, 'Efectivo', NULL, NULL, NULL, NULL, NULL, '1250.00', '0.00', 'Cancelado', 2, '2018-12-29', 'forma_pago_efectivo'),
(35, 32, 'Efectivo', NULL, NULL, NULL, NULL, NULL, '2500.00', '0.00', 'Cancelado', 1, '2018-12-29', 'forma_pago_efectivo'),
(36, 33, 'Efectivo', NULL, NULL, NULL, NULL, NULL, '1250.00', '0.00', 'Cancelado', 2, '2018-12-29', 'forma_pago_efectivo'),
(37, 34, 'Efectivo', NULL, NULL, NULL, NULL, NULL, '2500.00', '0.00', 'Cancelado', 1, '2018-12-29', 'forma_pago_efectivo'),
(38, 35, 'Efectivo', NULL, NULL, NULL, NULL, NULL, '1250.00', '0.00', 'Cancelado', 1, '2019-01-02', 'forma_pago_efectivo'),
(39, 36, 'Efectivo', NULL, NULL, NULL, NULL, NULL, '2050.00', '0.00', 'Cancelado', 1, '2019-01-03', 'forma_pago_efectivo'),
(41, 38, 'Efectivo', NULL, NULL, NULL, NULL, NULL, '1250.00', '0.00', 'Cancelado', 1, '2019-01-03', 'forma_pago_efectivo'),
(42, 39, 'Tarjeta', 'BANCO NACIONAL DE BOLIVIA', NULL, '', NULL, NULL, '1630.00', '2.00', 'Debe', 1, '2019-01-03', 'forma_pago_efectivo'),
(43, 40, 'Efectivo', NULL, NULL, NULL, NULL, NULL, '200.00', '0.00', 'Cancelado', 1, '2019-01-03', 'forma_pago_efectivo'),
(44, 41, 'Tarjeta', 'BANCO NACIONAL DE BOLIVIA', NULL, '', NULL, NULL, '200.00', '0.00', 'Cancelado', 1, '2019-01-03', 'forma_pago_efectivo'),
(45, 42, 'Plazo', NULL, NULL, NULL, '2019-01-04', NULL, '25000.00', '-23500.00', 'Debe', 2, '2019-01-04', 'forma_pago_efectivo'),
(46, 43, 'Plazo', NULL, NULL, NULL, '2019-01-04', NULL, '0.00', '42500.00', 'Cancelado', 2, '2019-01-04', 'forma_pago_efectivo'),
(47, 44, 'Plazo', NULL, NULL, NULL, '2019-01-04', NULL, '30000.00', '-28000.00', 'Debe', 2, '2019-01-04', 'forma_pago_efectivo'),
(48, 45, 'Plazo', NULL, NULL, NULL, '2019-01-04', NULL, '20000.00', '-20000.00', 'Debe', 2, '2019-01-04', 'forma_pago_efectivo'),
(49, 46, 'Plazo', NULL, NULL, NULL, '2019-01-04', NULL, '0.00', '203000.00', 'Debe', 2, '2019-01-04', 'forma_pago_efectivo'),
(50, 47, 'Plazo', NULL, NULL, NULL, '2019-01-04', NULL, '200000.00', '-200000.00', 'Debe', 2, '2019-01-04', 'forma_pago_efectivo'),
(51, 48, 'Plazo', NULL, NULL, NULL, '2019-01-04', NULL, '17500.00', '-17500.00', 'Debe', 2, '2019-01-04', 'forma_pago_efectivo'),
(52, 49, 'Plazo', NULL, NULL, NULL, '2019-01-04', NULL, '0.00', '75000.00', 'Debe', 2, '2019-01-04', 'forma_pago_efectivo'),
(53, 50, 'Plazo', NULL, NULL, NULL, '2019-01-05', NULL, '13842.00', '-13842.00', 'Debe', 1, '2019-01-05', 'forma_pago_efectivo'),
(54, 51, 'Efectivo', NULL, NULL, NULL, NULL, NULL, '0.00', '0.00', 'Cancelado', 1, '2019-01-05', 'forma_pago_efectivo'),
(55, 52, 'Plazo', NULL, NULL, NULL, '2019-01-05', NULL, '2000.00', '1500.00', 'Debe', 1, '2019-01-05', 'forma_pago_tarjeta'),
(56, 53, 'Efectivo', NULL, NULL, NULL, NULL, NULL, '0.00', '0.00', 'Cancelado', 1, '2019-01-05', 'forma_pago_efectivo'),
(57, 54, 'Tarjeta', '', NULL, '', NULL, NULL, '2140.00', '0.00', 'Cancelado', 1, '2019-01-05', 'forma_pago_efectivo'),
(58, 55, 'Efectivo', NULL, NULL, NULL, NULL, NULL, '1250.00', '0.00', 'Cancelado', 1, '2019-01-07', 'forma_pago_efectivo'),
(59, 56, 'Efectivo', NULL, NULL, NULL, NULL, NULL, '0.00', '0.00', 'Cancelado', 1, '2019-01-07', 'forma_pago_efectivo'),
(60, 57, 'Plazo', NULL, NULL, NULL, '2019-01-07', NULL, '3000.00', '2900.00', 'Debe', 1, '2019-01-07', 'forma_pago_efectivo'),
(62, 58, 'Deposito', 'BANCO NACIONAL', '', NULL, NULL, NULL, '1200.00', '0.00', 'Cancelado', 1, '2019-01-09', 'forma_pago_efectivo'),
(63, 59, 'Efectivo', NULL, NULL, NULL, NULL, NULL, '150.00', '0.00', 'Cancelado', 1, '2019-01-09', 'forma_pago_efectivo'),
(64, 60, 'Efectivo', NULL, NULL, NULL, NULL, NULL, '100.00', '0.00', 'Cancelado', 1, '2019-01-09', 'forma_pago_efectivo'),
(65, 61, 'Efectivo', NULL, NULL, NULL, NULL, NULL, '1200.00', '0.00', 'Cancelado', 1, '2019-01-09', 'forma_pago_efectivo'),
(66, 62, 'Efectivo', NULL, NULL, NULL, NULL, NULL, '150.00', '0.00', 'Cancelado', 1, '2019-01-09', 'forma_pago_efectivo'),
(67, 63, 'Efectivo', NULL, NULL, NULL, NULL, NULL, '1200.00', '0.00', 'Cancelado', 1, '2019-01-09', 'forma_pago_efectivo'),
(68, 64, 'Efectivo', NULL, NULL, NULL, NULL, NULL, '1200.00', '0.00', 'Cancelado', 1, '2019-01-09', 'forma_pago_efectivo'),
(69, 65, 'Plazo', NULL, NULL, NULL, '2019-01-09', NULL, '1000.00', '3400.00', 'Debe', 2, '2019-01-09', 'forma_pago_efectivo'),
(70, 66, 'Plazo', NULL, NULL, NULL, '2019-01-09', NULL, '200.00', '1000.00', 'Cancelado', 1, '2019-01-09', 'forma_pago_efectivo'),
(71, 66, 'Plazo', NULL, NULL, NULL, '2019-01-09', NULL, '1000.00', '0.00', 'Cancelado', 1, '2019-01-09', 'forma_pago_tarjeta'),
(72, 67, 'Plazo', NULL, NULL, NULL, '2019-01-09', NULL, '18000.00', '3000.00', 'Cancelado', 2, '2019-01-09', 'forma_pago_efectivo'),
(73, 68, 'Deposito', '', '', NULL, NULL, NULL, '13400.00', '-13400.00', 'Debe', 1, '2019-01-09', 'forma_pago_efectivo'),
(74, 67, 'Plazo', NULL, NULL, NULL, '2019-01-09', NULL, '3000.00', '0.00', 'Cancelado', 1, '2019-01-09', 'forma_pago_efectivo'),
(75, 72, 'Plazo', NULL, NULL, NULL, '2019-01-10', NULL, '0.00', '21000.00', 'Debe', 2, '2019-01-10', 'forma_pago_efectivo'),
(76, 73, 'Efectivo', NULL, NULL, NULL, NULL, NULL, '0.00', '21000.00', 'Debe', 1, '2019-01-10', 'forma_pago_efectivo'),
(77, 74, 'Plazo', NULL, NULL, NULL, '2019-01-10', NULL, '0.00', '500.00', 'Debe', 2, '2019-01-10', 'forma_pago_efectivo'),
(78, 75, 'Efectivo', NULL, NULL, NULL, NULL, NULL, '1200.00', '0.00', 'Cancelado', 1, '2019-01-10', 'forma_pago_efectivo'),
(79, 76, 'Plazo', NULL, NULL, NULL, '2019-01-10', NULL, '690.00', '810.00', 'Debe', 1, '2019-01-10', 'forma_pago_efectivo'),
(80, 77, 'Plazo', NULL, NULL, NULL, '2019-01-10', NULL, '510.00', '690.00', 'Cancelado', 1, '2019-01-10', 'forma_pago_efectivo'),
(81, 78, 'Efectivo', NULL, NULL, NULL, NULL, NULL, '300.00', '-300.00', 'Debe', 2, '2019-01-10', 'forma_pago_efectivo'),
(82, 79, 'Efectivo', NULL, NULL, NULL, NULL, NULL, '400.00', '-400.00', 'Debe', 2, '2019-01-10', 'forma_pago_efectivo'),
(83, 80, 'Efectivo', NULL, NULL, NULL, NULL, NULL, '200.00', '-200.00', 'Debe', 1, '2019-01-10', 'forma_pago_efectivo'),
(84, 77, 'Plazo', NULL, NULL, NULL, '2019-01-11', NULL, '690.00', '0.00', 'Cancelado', 1, '2019-01-11', 'forma_pago_efectivo'),
(85, 81, 'Efectivo', NULL, NULL, NULL, NULL, NULL, '0.00', '17500.00', 'Debe', 1, '2019-01-11', 'forma_pago_efectivo'),
(86, 82, 'Efectivo', NULL, NULL, NULL, NULL, NULL, '1350.00', '0.00', 'Cancelado', 1, '2019-01-11', 'forma_pago_efectivo'),
(87, 83, 'Efectivo', NULL, NULL, NULL, NULL, NULL, '0.00', '3050.00', 'Debe', 1, '2019-01-11', 'forma_pago_efectivo'),
(88, 84, 'Efectivo', NULL, NULL, NULL, NULL, NULL, '0.00', '2100.00', 'Debe', 1, '2019-01-12', 'forma_pago_efectivo'),
(89, 85, 'Efectivo', NULL, NULL, NULL, NULL, NULL, '800.00', '-800.00', 'Debe', 1, '2019-01-12', 'forma_pago_efectivo'),
(90, 86, 'Efectivo', NULL, NULL, NULL, NULL, NULL, '1200.00', '0.00', 'Cancelado', 1, '2019-01-12', 'forma_pago_efectivo'),
(91, 87, 'Efectivo', NULL, NULL, NULL, NULL, NULL, '806.00', '-806.00', 'Debe', 2, '2019-01-12', 'forma_pago_efectivo'),
(92, 88, 'Efectivo', NULL, NULL, NULL, NULL, NULL, '1200.00', '0.00', 'Cancelado', 1, '2019-01-12', 'forma_pago_efectivo'),
(93, 89, 'Efectivo', NULL, NULL, NULL, NULL, NULL, '1200.00', '0.00', 'Cancelado', 1, '2019-01-12', 'forma_pago_efectivo'),
(94, 90, 'Efectivo', NULL, NULL, NULL, NULL, NULL, '1200.00', '0.00', 'Cancelado', 1, '2019-01-14', 'forma_pago_efectivo'),
(95, 91, 'Efectivo', NULL, NULL, NULL, NULL, NULL, '15000.00', '-15000.00', 'Debe', 1, '2019-01-14', 'forma_pago_efectivo'),
(96, 92, 'Plazo', NULL, NULL, NULL, '2019-01-14', NULL, '1800.00', '1200.00', 'Debe', 1, '2019-01-14', 'forma_pago_efectivo'),
(97, 43, 'Plazo', NULL, NULL, NULL, '2019-01-14', NULL, '4000.00', '38500.00', 'Cancelado', 1, '2019-01-14', 'forma_pago_efectivo'),
(98, 43, 'Plazo', NULL, NULL, NULL, '2019-01-14', NULL, '38500.00', '0.00', 'Cancelado', 1, '2019-01-14', 'forma_pago_efectivo'),
(99, 93, 'Efectivo', NULL, NULL, NULL, NULL, NULL, '0.00', '14000.00', 'Debe', 1, '2019-01-14', 'forma_pago_efectivo'),
(100, 94, 'Plazo', NULL, NULL, NULL, '2019-01-14', NULL, '500.00', '500.00', 'Cancelado', 1, '2019-01-14', 'forma_pago_efectivo'),
(101, 95, 'Plazo', NULL, NULL, NULL, '2019-01-15', NULL, '1000.00', '1500.00', 'Debe', 1, '2019-01-15', 'forma_pago_efectivo'),
(102, 96, 'Tarjeta', NULL, NULL, NULL, NULL, NULL, '1000.00', '-1000.00', 'Debe', 1, '2019-01-15', 'forma_pago_efectivo'),
(103, 97, 'Efectivo', NULL, NULL, NULL, NULL, NULL, '700.00', '-700.00', 'Debe', 1, '2019-01-15', 'forma_pago_efectivo'),
(104, 98, 'Efectivo', NULL, NULL, NULL, NULL, NULL, '4000.00', '-4000.00', 'Debe', 1, '2019-01-15', 'forma_pago_efectivo'),
(105, 99, 'Efectivo', NULL, NULL, NULL, NULL, NULL, '200.00', '0.00', 'Cancelado', 1, '2019-01-15', 'forma_pago_efectivo'),
(106, 100, 'Deposito', '', '', NULL, NULL, NULL, '10700.00', '-10700.00', 'Debe', 1, '2019-01-15', 'forma_pago_efectivo'),
(107, 101, 'Deposito', '', '', NULL, NULL, NULL, '700.00', '-700.00', 'Debe', 1, '2019-01-15', 'forma_pago_efectivo'),
(108, 9, 'Plazo', NULL, NULL, NULL, '2019-01-15', NULL, '250.00', '750.00', 'Debe', 1, '2019-01-15', 'forma_pago_deposito'),
(109, 3, 'Plazo', NULL, NULL, NULL, '2019-01-16', NULL, '500.00', '2500.00', 'Debe', 1, '2019-01-16', 'forma_pago_efectivo'),
(110, 102, 'Efectivo', NULL, NULL, NULL, NULL, NULL, '1500.00', '-1500.00', 'Debe', 1, '2019-01-16', 'forma_pago_efectivo'),
(111, 103, 'Efectivo', NULL, NULL, NULL, NULL, NULL, '3050.00', '0.00', 'Cancelado', 1, '2019-01-17', 'forma_pago_efectivo'),
(112, 104, 'Efectivo', NULL, NULL, NULL, NULL, NULL, '900.00', '0.00', 'Cancelado', 1, '2019-01-17', 'forma_pago_efectivo'),
(113, 105, 'Deposito', '', '', NULL, NULL, NULL, '20750.00', '-20750.00', 'Debe', 1, '2019-01-17', 'forma_pago_efectivo'),
(114, 106, 'Plazo', NULL, NULL, NULL, '2019-01-17', NULL, '0.00', '2150.00', 'Debe', 1, '2019-01-17', 'forma_pago_efectivo'),
(115, 107, 'Plazo', NULL, NULL, NULL, '2019-01-17', NULL, '0.00', '2750.00', 'Debe', 1, '2019-01-17', 'forma_pago_efectivo'),
(116, 108, 'Plazo', NULL, NULL, NULL, '2019-01-17', NULL, '0.00', '3400.00', 'Debe', 1, '2019-01-17', 'forma_pago_efectivo'),
(117, 109, 'Plazo', NULL, NULL, NULL, '2019-01-17', NULL, '0.00', '3550.00', 'Debe', 1, '2019-01-17', 'forma_pago_efectivo'),
(118, 94, 'Plazo', NULL, NULL, NULL, '2019-01-17', NULL, '500.00', '0.00', 'Cancelado', 1, '2019-01-17', 'forma_pago_efectivo'),
(119, 110, 'Efectivo', NULL, NULL, NULL, NULL, NULL, '0.00', '14700.00', 'Debe', 1, '2019-01-18', 'forma_pago_efectivo'),
(120, 111, 'Plazo', NULL, NULL, NULL, '2019-01-19', NULL, '2500.00', '500.00', 'Debe', 1, '2019-01-19', 'forma_pago_efectivo'),
(121, 112, 'Efectivo', NULL, NULL, NULL, NULL, NULL, '210.00', '-210.00', 'Debe', 2, '2019-01-21', 'forma_pago_efectivo'),
(122, 30, 'Plazo', NULL, NULL, NULL, '2019-01-21', NULL, '210.00', '840.00', 'Debe', 1, '2019-01-21', 'forma_pago_efectivo'),
(123, 113, 'Efectivo', NULL, NULL, NULL, NULL, NULL, '0.00', '4500.00', 'Debe', 1, '2019-01-21', 'forma_pago_efectivo'),
(124, 114, 'Efectivo', NULL, NULL, NULL, NULL, NULL, '0.00', '2800.00', 'Debe', 1, '2019-01-21', 'forma_pago_efectivo'),
(125, 115, 'Efectivo', NULL, NULL, NULL, NULL, NULL, '3000.00', '-3000.00', 'Debe', 1, '2019-01-21', 'forma_pago_efectivo'),
(126, 116, 'Plazo', NULL, NULL, NULL, '2019-01-21', NULL, '5000.00', '15000.00', 'Debe', 2, '2019-01-21', 'forma_pago_efectivo'),
(127, 117, 'Efectivo', NULL, NULL, NULL, NULL, NULL, '6130.00', '0.00', 'Cancelado', 2, '2019-01-21', 'forma_pago_efectivo'),
(128, 118, 'Efectivo', NULL, NULL, NULL, NULL, NULL, '3500.00', '0.00', 'Cancelado', 2, '2019-01-21', 'forma_pago_efectivo'),
(129, 119, 'Plazo', NULL, NULL, NULL, '2019-01-21', NULL, '5000.00', '15000.00', 'Debe', 1, '2019-01-21', 'forma_pago_efectivo'),
(130, 120, 'Efectivo', NULL, NULL, NULL, NULL, NULL, '6130.00', '0.00', 'Cancelado', 1, '2019-01-21', 'forma_pago_efectivo'),
(131, 121, 'Deposito', '', '', NULL, NULL, NULL, '14550.00', '-14550.00', 'Debe', 1, '2019-01-23', 'forma_pago_efectivo'),
(132, 122, 'Plazo', NULL, NULL, NULL, '2019-01-23', NULL, '0.00', '3500.00', 'Debe', 1, '2019-01-23', 'forma_pago_efectivo'),
(133, 123, 'Efectivo', NULL, NULL, NULL, NULL, NULL, '0.00', '7700.00', 'Debe', 1, '2019-01-23', 'forma_pago_efectivo'),
(134, 124, 'Efectivo', NULL, NULL, NULL, NULL, NULL, '8190.00', '-8190.00', 'Debe', 1, '2019-01-23', 'forma_pago_efectivo'),
(135, 125, 'Efectivo', NULL, NULL, NULL, NULL, NULL, '0.00', '5300.00', 'Debe', 1, '2019-01-24', 'forma_pago_efectivo'),
(136, 126, 'Deposito', '', '', NULL, NULL, NULL, '7000.00', '-7000.00', 'Debe', 1, '2019-01-24', 'forma_pago_efectivo'),
(137, 127, 'Deposito', '', '', NULL, NULL, NULL, '12500.00', '-12500.00', 'Debe', 1, '2019-01-24', 'forma_pago_efectivo'),
(138, 128, 'Deposito', '', '', NULL, NULL, NULL, '13150.00', '-13150.00', 'Debe', 1, '2019-01-24', 'forma_pago_efectivo'),
(139, 129, 'Efectivo', NULL, NULL, NULL, NULL, NULL, '3000.00', '-3000.00', 'Debe', 1, '2019-01-24', 'forma_pago_efectivo'),
(140, 130, 'Efectivo', NULL, NULL, NULL, NULL, NULL, '1500.00', '-1500.00', 'Debe', 1, '2019-01-26', 'forma_pago_efectivo'),
(141, 131, 'Plazo', NULL, NULL, NULL, '2019-01-26', NULL, '300.00', '1000.00', 'Debe', 1, '2019-01-26', 'forma_pago_tarjeta'),
(142, 132, 'Efectivo', NULL, NULL, NULL, NULL, NULL, '300.00', '0.00', 'Cancelado', 1, '2019-01-26', 'forma_pago_efectivo'),
(143, 133, 'Efectivo', NULL, NULL, NULL, NULL, NULL, '0.00', '21000.00', 'Debe', 1, '2019-01-26', 'forma_pago_efectivo'),
(144, 134, 'Plazo', NULL, NULL, NULL, '2019-01-28', NULL, '0.00', '1100.00', 'Debe', 1, '2019-01-28', 'forma_pago_efectivo'),
(145, 135, 'Plazo', NULL, NULL, NULL, '2019-01-28', NULL, '0.00', '3700.00', 'Debe', 1, '2019-01-28', 'forma_pago_efectivo'),
(146, 136, 'Plazo', NULL, NULL, NULL, '2019-01-28', NULL, '0.00', '1800.00', 'Debe', 1, '2019-01-28', 'forma_pago_efectivo'),
(147, 137, 'Plazo', NULL, NULL, NULL, '2019-01-28', NULL, '0.00', '1000.00', 'Debe', 1, '2019-01-28', 'forma_pago_efectivo'),
(148, 138, 'Plazo', NULL, NULL, NULL, '2019-01-28', NULL, '0.00', '1000.00', 'Debe', 1, '2019-01-28', 'forma_pago_efectivo'),
(149, 139, 'Plazo', NULL, NULL, NULL, '2019-01-28', NULL, '0.00', '1100.00', 'Debe', 1, '2019-01-28', 'forma_pago_efectivo'),
(150, 140, 'Plazo', NULL, NULL, NULL, '2019-01-28', NULL, '0.00', '2700.00', 'Debe', 1, '2019-01-28', 'forma_pago_efectivo'),
(151, 141, 'Plazo', NULL, NULL, NULL, '2019-01-28', NULL, '0.00', '1700.00', 'Debe', 1, '2019-01-28', 'forma_pago_efectivo'),
(152, 142, 'Plazo', NULL, NULL, NULL, '2019-01-28', NULL, '0.00', '1100.00', 'Debe', 1, '2019-01-28', 'forma_pago_efectivo'),
(153, 143, 'Plazo', NULL, NULL, NULL, '2019-01-28', NULL, '0.00', '750.00', 'Debe', 1, '2019-01-28', 'forma_pago_efectivo'),
(154, 144, 'Plazo', NULL, NULL, NULL, '2019-01-28', NULL, '0.00', '3900.00', 'Debe', 1, '2019-01-28', 'forma_pago_efectivo'),
(155, 145, 'Plazo', NULL, NULL, NULL, '2019-01-28', NULL, '0.00', '2500.00', 'Debe', 1, '2019-01-28', 'forma_pago_efectivo'),
(156, 146, 'Plazo', NULL, NULL, NULL, '2019-01-28', NULL, '0.00', '2600.00', 'Debe', 1, '2019-01-28', 'forma_pago_efectivo'),
(157, 147, 'Plazo', NULL, NULL, NULL, '2019-01-28', NULL, '0.00', '1700.00', 'Debe', 1, '2019-01-28', 'forma_pago_efectivo');

-- --------------------------------------------------------

--
-- Estructura Stand-in para la vista `vista_proforma`
--
CREATE TABLE IF NOT EXISTS `vista_proforma` (
`id` bigint(20)
,`codigo_barra` text
,`nombre_item` text
,`stock_minimo` bigint(20)
,`precio_venta` decimal(20,2)
,`sucursal` varchar(11)
,`id_talla` bigint(20)
,`id_color` bigint(20)
,`color` text
,`talla` text
);
-- --------------------------------------------------------

--
-- Estructura para la vista `deudas_por_cobrar`
--
DROP TABLE IF EXISTS `deudas_por_cobrar`;

CREATE ALGORITHM=UNDEFINED DEFINER=`root`@`localhost` SQL SECURITY DEFINER VIEW `deudas_por_cobrar` AS select `v`.`id` AS `id`,`v`.`fecha` AS `fecha`,`c`.`id` AS `cliente_id`,`c`.`nombre_cliente` AS `nombre_cliente`,`v`.`total` AS `total`,sum(`p`.`monto`) AS `total_pagado`,(`v`.`total` - sum(`p`.`monto`)) AS `saldo`,`p`.`estado` AS `estado`,`v`.`nro_venta` AS `nro_venta` from ((`cliente` `c` join `venta` `v` on((`c`.`id` = `v`.`cliente_id`))) join `venta_pago` `p` on((`v`.`id` = `p`.`venta_id`))) where ((`p`.`forma_pago` = 'plazo') and (`p`.`estado` <> 'Cancelado')) group by `v`.`id`,`c`.`id`,`p`.`estado`,`v`.`fecha`,`c`.`nombre_cliente`,`v`.`total`,`v`.`nro_venta`;

-- --------------------------------------------------------

--
-- Estructura para la vista `inventario`
--
DROP TABLE IF EXISTS `inventario`;

CREATE ALGORITHM=UNDEFINED DEFINER=`root`@`localhost` SQL SECURITY DEFINER VIEW `inventario` AS select `p`.`id` AS `producto_id`,`t`.`id` AS `id_talla`,`c`.`id` AS `id_color`,`a`.`id` AS `id_almacen`,`p`.`codigo_barra` AS `codigo_barra`,`p`.`codigo_alterno` AS `codigo_alterno`,`p`.`nombre_item` AS `nombre_item`,`ti`.`descripcion` AS `tipo_producto`,`a`.`descripcion` AS `almacen`,`t`.`descripcion` AS `talla`,`c`.`descripcion` AS `color`,`p`.`stock_minimo` AS `stock_minimo`,`p`.`precio_venta` AS `precio_venta`,`s`.`id` AS `id_sucursal`,`s`.`sucursal` AS `sucursal`,`u`.`descripcion` AS `unidad`,sum(`pi`.`cantidad`) AS `cantidad` from ((((((((`tipo_item` `ti` join `producto` `p` on((`ti`.`id` = `p`.`tipo_item_id`))) join `producto_inventario` `pi` on((`p`.`id` = `pi`.`producto_id`))) join `talla` `t` on((`p`.`talla_id` = `t`.`id`))) join `color` `c` on((`p`.`color_id` = `c`.`id`))) join `ingreso_inventario` `i` on((`pi`.`ingreso_id` = `i`.`id`))) join `almacen` `a` on((`i`.`almacen_id` = `a`.`id`))) join `sucursal` `s` on((`i`.`sucursal_id` = `s`.`id`))) join `unidad_medida` `u` on((`pi`.`unidad_id` = `u`.`id`))) where (`p`.`estado` = 1) group by `p`.`id`,`t`.`id`,`c`.`id`,`a`.`id`,`p`.`codigo_barra`,`p`.`codigo_alterno`,`p`.`nombre_item`,`ti`.`descripcion`,`a`.`descripcion`,`t`.`descripcion`,`c`.`descripcion`,`p`.`stock_minimo`,`p`.`precio_venta`,`s`.`id`,`s`.`sucursal`,`u`.`descripcion`;

-- --------------------------------------------------------

--
-- Estructura para la vista `inventario_producto`
--
DROP TABLE IF EXISTS `inventario_producto`;

CREATE ALGORITHM=UNDEFINED DEFINER=`root`@`localhost` SQL SECURITY DEFINER VIEW `inventario_producto` AS select `pr`.`producto_id` AS `producto_id`,`p`.`codigo_barra` AS `codigo_barra`,`p`.`nombre_item` AS `nombre_item`,`p`.`stock_minimo` AS `stock_minimo`,`p`.`precio_venta` AS `precio_venta`,(`pr`.`cantidad` + `pr`.`cantidad_produccion`) AS `cantidadTotal`,'CASA MATRIZ' AS `sucursal`,`pr`.`cantidad` AS `cantidad`,`pr`.`cantidad_produccion` AS `cantidad_produccion`,`t`.`id` AS `id_talla`,`c`.`id` AS `id_color`,`c`.`descripcion` AS `color`,`t`.`descripcion` AS `talla` from ((((`producto` `p` join `producto_inventario` `pr` on((`pr`.`producto_id` = `p`.`id`))) join `detalle_producto_ingreso` `dt` on((`dt`.`producto_id` = `p`.`id`))) join `color` `c` on((`c`.`id` = `p`.`color_id`))) join `talla` `t` on((`t`.`id` = `p`.`talla_id`))) group by `pr`.`producto_id` order by `dt`.`ingreso_id` desc;

-- --------------------------------------------------------

--
-- Estructura para la vista `orden_emitida`
--
DROP TABLE IF EXISTS `orden_emitida`;

CREATE ALGORITHM=UNDEFINED DEFINER=`root`@`localhost` SQL SECURITY DEFINER VIEW `orden_emitida` AS select `v`.`estado` AS `estado`,`v`.`id` AS `id`,`v`.`fecha` AS `fecha`,`v`.`hora` AS `hora`,`v`.`subtotal` AS `subtotal`,`v`.`descuento` AS `descuento`,`v`.`total` AS `total`,`u`.`nombre_usuario` AS `nombre_usuario`,`v`.`nro_proforma` AS `nro_proforma`,`c`.`ci_nit` AS `ci_nit`,`c`.`nombre_cliente` AS `nombre_cliente`,`s`.`nit` AS `nit`,`s`.`nombre_empresa` AS `nombre_empresa`,`s`.`sucursal` AS `sucursal`,`s`.`direccion` AS `direccion`,`s`.`telefono` AS `telefono`,`s`.`email` AS `email`,`v`.`nota` AS `nota` from (((`cliente` `c` join `proforma` `v` on((`c`.`id` = `v`.`cliente_id`))) join `sucursal` `s` on((`v`.`sucursal_id` = `s`.`id`))) join `usuario` `u` on((`v`.`usuario_id` = `u`.`id`))) where (`v`.`estado` = 2) group by `v`.`id`;

-- --------------------------------------------------------

--
-- Estructura para la vista `proforma_emitida`
--
DROP TABLE IF EXISTS `proforma_emitida`;

CREATE ALGORITHM=UNDEFINED DEFINER=`root`@`localhost` SQL SECURITY DEFINER VIEW `proforma_emitida` AS select `v`.`estado` AS `estado`,`v`.`id` AS `id`,`v`.`fecha` AS `fecha`,`v`.`hora` AS `hora`,`v`.`subtotal` AS `subtotal`,`v`.`descuento` AS `descuento`,`v`.`total` AS `total`,`u`.`nombre_usuario` AS `nombre_usuario`,`v`.`nro_proforma` AS `nro_proforma`,`c`.`ci_nit` AS `ci_nit`,`c`.`nombre_cliente` AS `nombre_cliente`,`s`.`nit` AS `nit`,`s`.`nombre_empresa` AS `nombre_empresa`,`s`.`sucursal` AS `sucursal`,`s`.`direccion` AS `direccion`,`s`.`telefono` AS `telefono`,`s`.`email` AS `email`,`v`.`nota` AS `nota` from (((`cliente` `c` join `proforma` `v` on((`c`.`id` = `v`.`cliente_id`))) join `sucursal` `s` on((`v`.`sucursal_id` = `s`.`id`))) join `usuario` `u` on((`v`.`usuario_id` = `u`.`id`))) where (`v`.`estado` = 1) group by `v`.`id`;

-- --------------------------------------------------------

--
-- Estructura para la vista `ventas_emitidas`
--
DROP TABLE IF EXISTS `ventas_emitidas`;

CREATE ALGORITHM=UNDEFINED DEFINER=`root`@`localhost` SQL SECURITY DEFINER VIEW `ventas_emitidas` AS select `v`.`id` AS `id`,`v`.`fecha` AS `fecha`,`v`.`subtotal` AS `subtotal`,`v`.`descuento` AS `descuento`,`v`.`total` AS `total`,`v`.`cliente_id` AS `cliente_id`,`v`.`nro_venta` AS `nro_venta`,`v`.`estado` AS `estado`,`v`.`sucursal_id` AS `sucursal_id`,`v`.`usuario_id` AS `usuario_id`,`v`.`tipo_venta` AS `tipo_venta`,`v`.`hora` AS `hora`,`c`.`nombre_cliente` AS `nombre_cliente`,`c`.`ci_nit` AS `ci_nit`,`n`.`nro_nota` AS `nro_nota`,`vpa`.`forma_pago` AS `forma_pago`,sum(`vpa`.`monto`) AS `monto_pagado` from (((`nota_venta` `n` join `venta` `v`) join `cliente` `c`) join `venta_pago` `vpa`) where ((`n`.`venta_id` = `v`.`id`) and (`v`.`cliente_id` = `c`.`id`) and (`v`.`id` = `vpa`.`venta_id`)) group by `v`.`id`;

-- --------------------------------------------------------

--
-- Estructura para la vista `ventas_entregadas`
--
DROP TABLE IF EXISTS `ventas_entregadas`;

CREATE ALGORITHM=UNDEFINED DEFINER=`root`@`localhost` SQL SECURITY DEFINER VIEW `ventas_entregadas` AS select `v`.`id` AS `id`,`v`.`fecha` AS `fecha`,`v`.`subtotal` AS `subtotal`,`v`.`descuento` AS `descuento`,`v`.`total` AS `total`,`v`.`cliente_id` AS `cliente_id`,`v`.`nro_venta` AS `nro_venta`,`v`.`estado` AS `estado`,`v`.`sucursal_id` AS `sucursal_id`,`v`.`usuario_id` AS `usuario_id`,`v`.`tipo_venta` AS `tipo_venta`,`v`.`hora` AS `hora`,`c`.`nombre_cliente` AS `nombre_cliente`,`c`.`ci_nit` AS `ci_nit`,`n`.`nro_nota` AS `nro_nota`,`dt`.`estado_entrega` AS `estado_entrega` from (((`nota_venta` `n` join `venta` `v`) join `cliente` `c`) join `detalle_venta` `dt` on((`dt`.`venta_id` = `v`.`id`))) where ((`n`.`venta_id` = `v`.`id`) and (`v`.`cliente_id` = `c`.`id`) and (`dt`.`estado_entrega` = 5));

-- --------------------------------------------------------

--
-- Estructura para la vista `ventas_produccion`
--
DROP TABLE IF EXISTS `ventas_produccion`;

CREATE ALGORITHM=UNDEFINED DEFINER=`root`@`localhost` SQL SECURITY DEFINER VIEW `ventas_produccion` AS select `v`.`id` AS `venta_id`,`dt`.`id` AS `id`,cast(`v`.`fecha` as date) AS `fecha`,`pr`.`nombre_item` AS `nombre_item`,`v`.`subtotal` AS `subtotal`,`v`.`descuento` AS `descuento`,`v`.`total` AS `total`,`v`.`cliente_id` AS `cliente_id`,`v`.`nro_venta` AS `nro_venta`,`v`.`estado` AS `estado`,`v`.`sucursal_id` AS `sucursal_id`,`v`.`usuario_id` AS `usuario_id`,`v`.`tipo_venta` AS `tipo_venta`,`v`.`hora` AS `hora`,`c`.`nombre_cliente` AS `nombre_cliente`,`c`.`ci_nit` AS `ci_nit`,`n`.`nro_nota` AS `nro_nota`,`dt`.`estado_entrega` AS `estado_entrega`,(`dt`.`cantidad` + `dt`.`cantidad_produccion`) AS `cantidad_total` from ((((`nota_venta` `n` join `venta` `v`) join `cliente` `c`) join `detalle_venta` `dt` on((`dt`.`venta_id` = `v`.`id`))) join `producto` `pr` on((`pr`.`id` = `dt`.`producto_id`))) where ((`n`.`venta_id` = `v`.`id`) and (`v`.`cliente_id` = `c`.`id`) and (`dt`.`estado_entrega` = 4));

-- --------------------------------------------------------

--
-- Estructura para la vista `vista_proforma`
--
DROP TABLE IF EXISTS `vista_proforma`;

CREATE ALGORITHM=UNDEFINED DEFINER=`root`@`localhost` SQL SECURITY DEFINER VIEW `vista_proforma` AS select `p`.`id` AS `id`,`p`.`codigo_barra` AS `codigo_barra`,`p`.`nombre_item` AS `nombre_item`,`p`.`stock_minimo` AS `stock_minimo`,`p`.`precio_venta` AS `precio_venta`,'CASA MATRIZ' AS `sucursal`,`t`.`id` AS `id_talla`,`c`.`id` AS `id_color`,`c`.`descripcion` AS `color`,`t`.`descripcion` AS `talla` from ((`producto` `p` join `color` `c` on((`c`.`id` = `p`.`color_id`))) join `talla` `t` on((`t`.`id` = `p`.`talla_id`)));

--
-- Índices para tablas volcadas
--

--
-- Indices de la tabla `acceso`
--
ALTER TABLE `acceso`
 ADD PRIMARY KEY (`id`), ADD KEY `menu_id` (`menu_id`), ADD KEY `usuario_id` (`usuario_id`);

--
-- Indices de la tabla `almacen`
--
ALTER TABLE `almacen`
 ADD PRIMARY KEY (`id`);

--
-- Indices de la tabla `caja`
--
ALTER TABLE `caja`
 ADD PRIMARY KEY (`id`);

--
-- Indices de la tabla `cargo`
--
ALTER TABLE `cargo`
 ADD PRIMARY KEY (`id`);

--
-- Indices de la tabla `categoria_interna`
--
ALTER TABLE `categoria_interna`
 ADD PRIMARY KEY (`id`);

--
-- Indices de la tabla `cierre_sesion`
--
ALTER TABLE `cierre_sesion`
 ADD PRIMARY KEY (`id`), ADD KEY `sesion_id` (`sesion_id`);

--
-- Indices de la tabla `cliente`
--
ALTER TABLE `cliente`
 ADD PRIMARY KEY (`id`);

--
-- Indices de la tabla `color`
--
ALTER TABLE `color`
 ADD PRIMARY KEY (`id`);

--
-- Indices de la tabla `compra`
--
ALTER TABLE `compra`
 ADD PRIMARY KEY (`id`), ADD KEY `proveedor_id` (`proveedor_id`), ADD KEY `usuario_id` (`usuario_id`);

--
-- Indices de la tabla `detalle_caja`
--
ALTER TABLE `detalle_caja`
 ADD PRIMARY KEY (`id`), ADD KEY `caja_id` (`caja_id`), ADD KEY `sucursal_id` (`sucursal_id`), ADD KEY `usuario_id` (`usuario_id`);

--
-- Indices de la tabla `detalle_compra`
--
ALTER TABLE `detalle_compra`
 ADD PRIMARY KEY (`id`), ADD KEY `compra_id` (`compra_id`), ADD KEY `producto_id` (`producto_id`), ADD KEY `unidad_id` (`unidad_id`);

--
-- Indices de la tabla `detalle_producto_ingreso`
--
ALTER TABLE `detalle_producto_ingreso`
 ADD PRIMARY KEY (`id`), ADD KEY `id` (`id`), ADD KEY `id_2` (`id`);

--
-- Indices de la tabla `detalle_proforma`
--
ALTER TABLE `detalle_proforma`
 ADD PRIMARY KEY (`id`), ADD KEY `producto_id` (`producto_id`), ADD KEY `proforma_id` (`proforma_id`);

--
-- Indices de la tabla `detalle_salida_inventario`
--
ALTER TABLE `detalle_salida_inventario`
 ADD PRIMARY KEY (`salida_inventario_id`,`producto_inventario_id`), ADD KEY `id` (`id`), ADD KEY `id_2` (`id`);

--
-- Indices de la tabla `detalle_venta`
--
ALTER TABLE `detalle_venta`
 ADD PRIMARY KEY (`id`), ADD KEY `producto_id` (`producto_id`), ADD KEY `venta_id` (`venta_id`);

--
-- Indices de la tabla `egreso_caja`
--
ALTER TABLE `egreso_caja`
 ADD PRIMARY KEY (`id`), ADD KEY `tipo_egreso_id` (`tipo_egreso_id`);

--
-- Indices de la tabla `egreso_compra`
--
ALTER TABLE `egreso_compra`
 ADD PRIMARY KEY (`compra_id`,`egreso_id`), ADD KEY `compra_id` (`compra_id`), ADD KEY `egreso_id` (`egreso_id`);

--
-- Indices de la tabla `forma_pago`
--
ALTER TABLE `forma_pago`
 ADD PRIMARY KEY (`id`);

--
-- Indices de la tabla `ingreso_caja`
--
ALTER TABLE `ingreso_caja`
 ADD PRIMARY KEY (`id`), ADD KEY `tipo_ingreso_id` (`tipo_ingreso_id`);

--
-- Indices de la tabla `ingreso_inventario`
--
ALTER TABLE `ingreso_inventario`
 ADD PRIMARY KEY (`id`);

--
-- Indices de la tabla `ingreso_venta`
--
ALTER TABLE `ingreso_venta`
 ADD PRIMARY KEY (`venta_id`,`ingreso_id`), ADD KEY `ingreso_id` (`ingreso_id`), ADD KEY `venta_id` (`venta_id`);

--
-- Indices de la tabla `inicio_sesion`
--
ALTER TABLE `inicio_sesion`
 ADD PRIMARY KEY (`id`), ADD KEY `usuario_id` (`usuario_id`);

--
-- Indices de la tabla `marca`
--
ALTER TABLE `marca`
 ADD PRIMARY KEY (`id`);

--
-- Indices de la tabla `menu`
--
ALTER TABLE `menu`
 ADD PRIMARY KEY (`id`);

--
-- Indices de la tabla `nota_venta`
--
ALTER TABLE `nota_venta`
 ADD PRIMARY KEY (`id`), ADD KEY `venta_id` (`venta_id`);

--
-- Indices de la tabla `producto`
--
ALTER TABLE `producto`
 ADD PRIMARY KEY (`id`), ADD KEY `categoria_interna_id` (`categoria_interna_id`), ADD KEY `marca_id` (`marca_id`), ADD KEY `tipo_item_id` (`tipo_item_id`), ADD KEY `color_id` (`color_id`), ADD KEY `talla_id` (`talla_id`);

--
-- Indices de la tabla `producto_inventario`
--
ALTER TABLE `producto_inventario`
 ADD PRIMARY KEY (`id`), ADD KEY `producto_id` (`producto_id`);

--
-- Indices de la tabla `proforma`
--
ALTER TABLE `proforma`
 ADD PRIMARY KEY (`id`);

--
-- Indices de la tabla `proveedor`
--
ALTER TABLE `proveedor`
 ADD PRIMARY KEY (`id`);

--
-- Indices de la tabla `salida_inventario`
--
ALTER TABLE `salida_inventario`
 ADD PRIMARY KEY (`id`), ADD KEY `id` (`id`);

--
-- Indices de la tabla `sucursal`
--
ALTER TABLE `sucursal`
 ADD PRIMARY KEY (`id`);

--
-- Indices de la tabla `talla`
--
ALTER TABLE `talla`
 ADD KEY `id` (`id`);

--
-- Indices de la tabla `tipo_ingreso_egreso`
--
ALTER TABLE `tipo_ingreso_egreso`
 ADD PRIMARY KEY (`id`);

--
-- Indices de la tabla `tipo_item`
--
ALTER TABLE `tipo_item`
 ADD PRIMARY KEY (`id`);

--
-- Indices de la tabla `tipo_salida_inventario`
--
ALTER TABLE `tipo_salida_inventario`
 ADD PRIMARY KEY (`id`);

--
-- Indices de la tabla `trabajo`
--
ALTER TABLE `trabajo`
 ADD PRIMARY KEY (`id`);

--
-- Indices de la tabla `unidad_medida`
--
ALTER TABLE `unidad_medida`
 ADD PRIMARY KEY (`id`);

--
-- Indices de la tabla `usuario`
--
ALTER TABLE `usuario`
 ADD PRIMARY KEY (`id`), ADD KEY `cargo` (`cargo`);

--
-- Indices de la tabla `usuario_sucursal`
--
ALTER TABLE `usuario_sucursal`
 ADD KEY `sucursal_id` (`sucursal_id`), ADD KEY `usuario_id` (`usuario_id`);

--
-- Indices de la tabla `venta`
--
ALTER TABLE `venta`
 ADD PRIMARY KEY (`id`), ADD KEY `cliente_id` (`cliente_id`), ADD KEY `sucursal_id` (`sucursal_id`), ADD KEY `usuario_id` (`usuario_id`);

--
-- Indices de la tabla `venta_pago`
--
ALTER TABLE `venta_pago`
 ADD PRIMARY KEY (`id`), ADD KEY `venta_id` (`venta_id`);

--
-- AUTO_INCREMENT de las tablas volcadas
--

--
-- AUTO_INCREMENT de la tabla `acceso`
--
ALTER TABLE `acceso`
MODIFY `id` bigint(20) NOT NULL AUTO_INCREMENT,AUTO_INCREMENT=516;
--
-- AUTO_INCREMENT de la tabla `almacen`
--
ALTER TABLE `almacen`
MODIFY `id` bigint(20) NOT NULL AUTO_INCREMENT,AUTO_INCREMENT=3;
--
-- AUTO_INCREMENT de la tabla `caja`
--
ALTER TABLE `caja`
MODIFY `id` bigint(20) NOT NULL AUTO_INCREMENT,AUTO_INCREMENT=2;
--
-- AUTO_INCREMENT de la tabla `cargo`
--
ALTER TABLE `cargo`
MODIFY `id` bigint(20) NOT NULL AUTO_INCREMENT,AUTO_INCREMENT=3;
--
-- AUTO_INCREMENT de la tabla `categoria_interna`
--
ALTER TABLE `categoria_interna`
MODIFY `id` bigint(20) NOT NULL AUTO_INCREMENT,AUTO_INCREMENT=20;
--
-- AUTO_INCREMENT de la tabla `cierre_sesion`
--
ALTER TABLE `cierre_sesion`
MODIFY `id` bigint(20) NOT NULL AUTO_INCREMENT,AUTO_INCREMENT=89;
--
-- AUTO_INCREMENT de la tabla `cliente`
--
ALTER TABLE `cliente`
MODIFY `id` bigint(20) NOT NULL AUTO_INCREMENT,AUTO_INCREMENT=98;
--
-- AUTO_INCREMENT de la tabla `color`
--
ALTER TABLE `color`
MODIFY `id` bigint(20) NOT NULL AUTO_INCREMENT,AUTO_INCREMENT=2;
--
-- AUTO_INCREMENT de la tabla `compra`
--
ALTER TABLE `compra`
MODIFY `id` bigint(20) NOT NULL AUTO_INCREMENT;
--
-- AUTO_INCREMENT de la tabla `detalle_caja`
--
ALTER TABLE `detalle_caja`
MODIFY `id` bigint(20) NOT NULL AUTO_INCREMENT,AUTO_INCREMENT=2;
--
-- AUTO_INCREMENT de la tabla `detalle_compra`
--
ALTER TABLE `detalle_compra`
MODIFY `id` bigint(20) NOT NULL AUTO_INCREMENT;
--
-- AUTO_INCREMENT de la tabla `detalle_producto_ingreso`
--
ALTER TABLE `detalle_producto_ingreso`
MODIFY `id` bigint(20) NOT NULL AUTO_INCREMENT,AUTO_INCREMENT=148;
--
-- AUTO_INCREMENT de la tabla `detalle_proforma`
--
ALTER TABLE `detalle_proforma`
MODIFY `id` bigint(20) NOT NULL AUTO_INCREMENT,AUTO_INCREMENT=39;
--
-- AUTO_INCREMENT de la tabla `detalle_venta`
--
ALTER TABLE `detalle_venta`
MODIFY `id` bigint(20) NOT NULL AUTO_INCREMENT,AUTO_INCREMENT=210;
--
-- AUTO_INCREMENT de la tabla `egreso_caja`
--
ALTER TABLE `egreso_caja`
MODIFY `id` bigint(20) NOT NULL AUTO_INCREMENT,AUTO_INCREMENT=102;
--
-- AUTO_INCREMENT de la tabla `forma_pago`
--
ALTER TABLE `forma_pago`
MODIFY `id` bigint(20) NOT NULL AUTO_INCREMENT;
--
-- AUTO_INCREMENT de la tabla `ingreso_caja`
--
ALTER TABLE `ingreso_caja`
MODIFY `id` bigint(20) NOT NULL AUTO_INCREMENT,AUTO_INCREMENT=161;
--
-- AUTO_INCREMENT de la tabla `ingreso_inventario`
--
ALTER TABLE `ingreso_inventario`
MODIFY `id` bigint(20) NOT NULL AUTO_INCREMENT,AUTO_INCREMENT=96;
--
-- AUTO_INCREMENT de la tabla `inicio_sesion`
--
ALTER TABLE `inicio_sesion`
MODIFY `id` bigint(20) NOT NULL AUTO_INCREMENT,AUTO_INCREMENT=88;
--
-- AUTO_INCREMENT de la tabla `marca`
--
ALTER TABLE `marca`
MODIFY `id` bigint(20) NOT NULL AUTO_INCREMENT,AUTO_INCREMENT=8;
--
-- AUTO_INCREMENT de la tabla `menu`
--
ALTER TABLE `menu`
MODIFY `id` bigint(20) NOT NULL AUTO_INCREMENT,AUTO_INCREMENT=44;
--
-- AUTO_INCREMENT de la tabla `nota_venta`
--
ALTER TABLE `nota_venta`
MODIFY `id` bigint(20) NOT NULL AUTO_INCREMENT,AUTO_INCREMENT=148;
--
-- AUTO_INCREMENT de la tabla `producto`
--
ALTER TABLE `producto`
MODIFY `id` bigint(20) NOT NULL AUTO_INCREMENT,AUTO_INCREMENT=191;
--
-- AUTO_INCREMENT de la tabla `producto_inventario`
--
ALTER TABLE `producto_inventario`
MODIFY `id` bigint(20) NOT NULL AUTO_INCREMENT,AUTO_INCREMENT=53;
--
-- AUTO_INCREMENT de la tabla `proforma`
--
ALTER TABLE `proforma`
MODIFY `id` bigint(20) NOT NULL AUTO_INCREMENT,AUTO_INCREMENT=21;
--
-- AUTO_INCREMENT de la tabla `proveedor`
--
ALTER TABLE `proveedor`
MODIFY `id` bigint(20) NOT NULL AUTO_INCREMENT;
--
-- AUTO_INCREMENT de la tabla `salida_inventario`
--
ALTER TABLE `salida_inventario`
MODIFY `id` bigint(20) NOT NULL AUTO_INCREMENT;
--
-- AUTO_INCREMENT de la tabla `sucursal`
--
ALTER TABLE `sucursal`
MODIFY `id` bigint(20) NOT NULL AUTO_INCREMENT,AUTO_INCREMENT=3;
--
-- AUTO_INCREMENT de la tabla `talla`
--
ALTER TABLE `talla`
MODIFY `id` bigint(20) NOT NULL AUTO_INCREMENT,AUTO_INCREMENT=27;
--
-- AUTO_INCREMENT de la tabla `tipo_ingreso_egreso`
--
ALTER TABLE `tipo_ingreso_egreso`
MODIFY `id` bigint(20) NOT NULL AUTO_INCREMENT,AUTO_INCREMENT=27;
--
-- AUTO_INCREMENT de la tabla `tipo_item`
--
ALTER TABLE `tipo_item`
MODIFY `id` bigint(20) NOT NULL AUTO_INCREMENT,AUTO_INCREMENT=3;
--
-- AUTO_INCREMENT de la tabla `tipo_salida_inventario`
--
ALTER TABLE `tipo_salida_inventario`
MODIFY `id` bigint(20) NOT NULL AUTO_INCREMENT;
--
-- AUTO_INCREMENT de la tabla `trabajo`
--
ALTER TABLE `trabajo`
MODIFY `id` bigint(20) NOT NULL AUTO_INCREMENT;
--
-- AUTO_INCREMENT de la tabla `unidad_medida`
--
ALTER TABLE `unidad_medida`
MODIFY `id` bigint(20) NOT NULL AUTO_INCREMENT,AUTO_INCREMENT=2;
--
-- AUTO_INCREMENT de la tabla `usuario`
--
ALTER TABLE `usuario`
MODIFY `id` bigint(20) NOT NULL AUTO_INCREMENT,AUTO_INCREMENT=3;
--
-- AUTO_INCREMENT de la tabla `venta`
--
ALTER TABLE `venta`
MODIFY `id` bigint(20) NOT NULL AUTO_INCREMENT,AUTO_INCREMENT=148;
--
-- AUTO_INCREMENT de la tabla `venta_pago`
--
ALTER TABLE `venta_pago`
MODIFY `id` bigint(20) NOT NULL AUTO_INCREMENT,AUTO_INCREMENT=158;
/*!40101 SET CHARACTER_SET_CLIENT=@OLD_CHARACTER_SET_CLIENT */;
/*!40101 SET CHARACTER_SET_RESULTS=@OLD_CHARACTER_SET_RESULTS */;
/*!40101 SET COLLATION_CONNECTION=@OLD_COLLATION_CONNECTION */;
